Customer ID,Name,Surname,Gender,Age,Region,Job Classification,Date Joined,Balance
100000001,Simon,Walsh,Male,21,England,White Collar,5-Jan,113810.15
400000002,Jasmine,Miller,Female,34,Northern Ireland,Blue Collar,6-Jan,36919.73
100000003,Liam,Brown,Male,46,England,White Collar,7-Jan,101536.83
300000004,Trevor,Parr,Male,32,Wales,White Collar,8-Jan,1421.52
100000005,Deirdre,Pullman,Female,38,England,Blue Collar,9-Jan,35639.79
300000006,Ava,Coleman,Female,30,Wales,Blue Collar,9-Jan,122443.77
100000007,Dorothy,Thomson,Female,34,England,Blue Collar,11-Jan,42879.84
200000008,Lisa,Knox,Female,48,Scotland,Other,11-Jan,36680.17
300000009,Ruth,Campbell,Female,33,Wales,White Collar,11-Jan,74284.35
100000010,Dominic,Parr,Male,42,England,White Collar,12-Jan,10912.45
100000011,Dominic,Lewis,Male,40,England,White Collar,12-Jan,39667.83
100000012,Benjamin,Grant,Male,39,England,White Collar,12-Jan,32281.62
100000013,Ryan,MacDonald,Male,24,England,White Collar,12-Jan,40781.63
200000014,Thomas,Lawrence,Male,46,Scotland,Other,12-Jan,48791.46
300000015,Madeleine,Marshall,Female,36,Wales,Other,12-Jan,2846.03
100000016,Nicholas,Newman,Male,42,England,White Collar,14-Jan,2116.85
200000017,Grace,Hill,Female,31,Scotland,Other,14-Jan,10356.31
200000018,Samantha,Coleman,Female,42,Scotland,Other,14-Jan,3801.69
100000019,William,Ince,Male,40,England,Blue Collar,15-Jan,65534.69
100000020,Audrey,Jones,Female,46,England,Blue Collar,15-Jan,11462.64
300000021,Boris,Johnston,Male,37,Wales,Other,16-Jan,31778.9
200000022,Jason,Butler,Male,58,Scotland,Blue Collar,18-Jan,21252.97
300000023,Deirdre,McDonald,Female,41,Wales,White Collar,18-Jan,66785.78
200000024,Carl,Quinn,Male,52,Scotland,Blue Collar,19-Jan,6580.81
100000025,Jennifer,Hughes,Female,38,England,White Collar,20-Jan,20505.32
200000026,Richard,Fraser,Male,55,Scotland,Blue Collar,21-Jan,43249.26
400000027,Rachel,McGrath,Female,37,Northern Ireland,White Collar,23-Jan,3967.2
100000028,Alison,Fisher,Female,33,England,White Collar,25-Jan,3428.56
200000029,Lucas,Mackenzie,Male,50,Scotland,Blue Collar,25-Jan,20516.1
100000030,Luke,Wilkins,Male,42,England,White Collar,27-Jan,10813.83
100000031,Megan,Bell,Female,25,England,White Collar,28-Jan,38889.76
300000032,Warren,Edmunds,Male,30,Wales,White Collar,28-Jan,14094.01
200000033,Grace,Chapman,Female,58,Scotland,Other,29-Jan,25865.2
100000034,Jake,Wilson,Male,26,England,Other,30-Jan,5833.62
100000035,Karen,Dyer,Female,34,England,Blue Collar,31-Jan,77809.59
100000036,Yvonne,Thomson,Female,36,England,White Collar,31-Jan,31680.67
100000037,Sophie,Gill,Female,33,England,White Collar,31-Jan,20504.37
100000038,Robert,Cornish,Male,31,England,Other,31-Jan,5688.36
200000039,Luke,Martin,Male,35,Scotland,Blue Collar,31-Jan,12848.59
200000040,Gavin,Pullman,Male,59,Scotland,Other,31-Jan,114456.23
100000041,Edward,Terry,Male,27,England,Blue Collar,1-Feb,51412.6
100000042,Diane,Black,Female,35,England,White Collar,1-Feb,9695.7
200000043,Jake,Morgan,Male,49,Scotland,Blue Collar,1-Feb,114021.21
400000044,Yvonne,Churchill,Female,22,Northern Ireland,Other,1-Feb,107728.07
100000045,Dorothy,Johnston,Female,53,England,Other,3-Feb,2893.19
200000046,Lisa,Berry,Female,47,Scotland,Other,3-Feb,54589.61
200000047,Leah,Nolan,Female,32,Scotland,Other,3-Feb,59501.63
400000048,Carolyn,Lewis,Female,19,Northern Ireland,Other,8-Feb,14337.82
100000049,Simon,Ball,Male,27,England,White Collar,12-Feb,23921.89
100000050,Charles,Nolan,Male,39,England,White Collar,12-Feb,39034.14
100000051,Sophie,Wilkins,Female,29,England,Blue Collar,12-Feb,1401.43
100000052,Kimberly,James,Female,31,England,Blue Collar,12-Feb,41626.25
100000053,Madeleine,Ellison,Female,37,England,Other,12-Feb,47551.7
100000054,Irene,MacLeod,Female,32,England,White Collar,12-Feb,24187.98
100000055,Cameron,Taylor,Male,24,England,White Collar,12-Feb,4912.21
100000056,Liam,Gibson,Male,40,England,White Collar,12-Feb,58391.45
100000057,Donna,Knox,Female,33,England,Blue Collar,12-Feb,58033.89
100000058,Piers,Morgan,Male,44,England,White Collar,12-Feb,35831.2
100000059,Phil,Randall,Male,39,England,Other,12-Feb,1879.85
100000060,Ryan,White,Male,47,England,White Collar,12-Feb,23375.57
100000061,Kylie,Howard,Female,35,England,White Collar,12-Feb,4586.23
100000062,Fiona,Bell,Female,47,England,Other,12-Feb,20336.8
100000063,Kevin,Gibson,Male,47,England,White Collar,12-Feb,22414.93
100000064,Bernadette,Gibson,Female,39,England,White Collar,12-Feb,40305.24
200000065,Maria,Hughes,Female,50,Scotland,Other,12-Feb,18091.36
200000066,Piers,Burgess,Male,43,Scotland,Blue Collar,12-Feb,20076.8
200000067,Dan,Ellison,Male,47,Scotland,Blue Collar,12-Feb,5300.47
200000068,Lucas,Piper,Male,61,Scotland,Blue Collar,12-Feb,7162.43
200000069,Jason,Sharp,Male,53,Scotland,Blue Collar,12-Feb,35751.37
200000070,Kevin,Parr,Male,45,Scotland,Other,12-Feb,15013.76
200000071,Dan,Mills,Male,49,Scotland,Blue Collar,12-Feb,70041.44
200000072,Angela,Roberts,Female,51,Scotland,Other,12-Feb,35937.38
300000073,Hannah,White,Female,36,Wales,White Collar,12-Feb,41442.1
300000074,Oliver,Simpson,Male,45,Wales,Other,12-Feb,36696.92
400000075,Olivia,Dowd,Female,30,Northern Ireland,White Collar,12-Feb,21.03
200000076,Michael,Hemmings,Male,44,Scotland,Blue Collar,24-Feb,58237.65
100000077,Frank,Brown,Male,38,England,White Collar,9-Mar,28509.46
100000078,Diane,Simpson,Female,36,England,Other,10-Mar,38715.45
300000079,Ruth,Mathis,Female,23,Wales,Blue Collar,15-Mar,7370.52
100000080,David,Peters,Male,34,England,White Collar,16-Mar,245.46
100000081,Joan,Buckland,Female,36,England,White Collar,16-Mar,59935.75
100000082,Neil,Robertson,Male,20,England,White Collar,16-Mar,11624.36
100000083,Paul,Mackay,Male,31,England,Blue Collar,16-Mar,9346.66
100000084,Dylan,Fraser,Male,42,England,White Collar,16-Mar,43770.37
100000085,Pippa,Buckland,Female,38,England,White Collar,16-Mar,63642.19
100000086,Matt,McGrath,Male,39,England,White Collar,16-Mar,22831.08
100000087,Jack,White,Male,41,England,Other,16-Mar,4846.57
100000088,Jasmine,Piper,Female,24,England,White Collar,16-Mar,71571.52
100000089,Michelle,Ellison,Female,24,England,White Collar,16-Mar,42409.89
100000090,Wanda,Henderson,Female,35,England,White Collar,16-Mar,4194.57
100000091,Blake,Reid,Male,35,England,White Collar,16-Mar,75613.68
100000092,Jane,Forsyth,Female,26,England,White Collar,16-Mar,28587.08
100000093,Dan,Peake,Male,23,England,White Collar,16-Mar,14699.05
100000094,Lisa,Davies,Female,38,England,Other,16-Mar,44034.26
100000095,Rebecca,Knox,Female,30,England,White Collar,16-Mar,55046.35
100000096,Joshua,Slater,Male,28,England,White Collar,16-Mar,67479.01
100000097,Heather,Wallace,Female,38,England,Blue Collar,16-Mar,61890.85
100000098,Maria,Johnston,Female,36,England,White Collar,16-Mar,1430.6
200000099,Robert,May,Male,40,Scotland,Blue Collar,16-Mar,5456.86
200000100,Carolyn,Robertson,Female,56,Scotland,Other,16-Mar,13251.27
200000101,Stewart,Lewis,Male,51,Scotland,Blue Collar,16-Mar,119014.87
200000102,Emma,Piper,Female,44,Scotland,White Collar,16-Mar,18829.79
200000103,Nicola,Powell,Female,55,Scotland,White Collar,16-Mar,35939.04
200000104,Diana,McDonald,Female,57,Scotland,Other,16-Mar,22686
200000105,Stephen,Ross,Male,48,Scotland,White Collar,16-Mar,85108.08
200000106,Ella,Bond,Female,54,Scotland,Other,16-Mar,44973.03
200000107,Ian,Wilson,Male,36,Scotland,Blue Collar,16-Mar,12616.44
200000108,Piers,Quinn,Male,48,Scotland,Blue Collar,16-Mar,23910.87
200000109,Joe,Forsyth,Male,63,Scotland,Other,16-Mar,73461.71
200000110,Tim,Jones,Male,63,Scotland,Blue Collar,16-Mar,26474.23
300000111,Sonia,Robertson,Female,25,Wales,Other,16-Mar,70799.64
300000112,Nathan,Paterson,Male,26,Wales,White Collar,16-Mar,20627.65
400000113,Tim,Hardacre,Male,29,Northern Ireland,White Collar,16-Mar,82229.52
400000114,Fiona,Mills,Female,18,Northern Ireland,Other,16-Mar,51171.29
400000115,Ruth,Oliver,Female,43,Northern Ireland,Blue Collar,16-Mar,37889.38
100000116,Alison,Johnston,Female,36,England,Other,19-Mar,21806.3
100000117,Amy,McGrath,Female,40,England,Other,25-Mar,12415.5
200000118,Adam,McGrath,Male,52,Scotland,Other,28-Mar,67682.92
100000119,Vanessa,Lyman,Female,18,England,White Collar,31-Mar,33524.41
100000120,Andrea,Dickens,Female,31,England,White Collar,31-Mar,136370.38
100000121,Ian,Slater,Male,37,England,White Collar,31-Mar,39159.35
100000122,Jacob,Payne,Male,25,England,Other,31-Mar,3738.1
100000123,Harry,Short,Male,50,England,White Collar,31-Mar,43234.21
100000124,John,Black,Male,39,England,Other,1-Apr,111149.47
100000125,Jonathan,MacDonald,Male,27,England,White Collar,1-Apr,12312.49
100000126,Benjamin,Blake,Male,42,England,White Collar,1-Apr,55661.5
100000127,Emma,Fraser,Female,27,England,White Collar,1-Apr,10481.48
100000128,Virginia,Berry,Female,41,England,White Collar,1-Apr,4347.79
100000129,Peter,Pullman,Male,47,England,White Collar,1-Apr,15093.04
100000130,Alison,MacLeod,Female,27,England,White Collar,1-Apr,27738.77
100000131,Anna,Wright,Female,41,England,White Collar,1-Apr,27557.08
100000132,James,Marshall,Male,20,England,Blue Collar,1-Apr,9578.65
100000133,Ruth,Bower,Female,38,England,White Collar,2-Apr,40456.97
100000134,Owen,Powell,Male,34,England,Blue Collar,2-Apr,44744.24
100000135,Piers,King,Male,42,England,White Collar,2-Apr,56652.56
100000136,Christopher,Mackenzie,Male,26,England,White Collar,2-Apr,12994.18
100000137,Sarah,Wallace,Female,43,England,White Collar,2-Apr,42207.46
100000138,Richard,Hemmings,Male,37,England,White Collar,2-Apr,10704.25
100000139,Nicola,Rampling,Female,40,England,White Collar,2-Apr,57140.07
200000140,Keith,Harris,Male,57,Scotland,Blue Collar,2-Apr,40510.36
100000141,Angela,Wright,Female,45,England,White Collar,3-Apr,36584.21
100000142,Sam,Russell,Male,23,England,White Collar,3-Apr,10249.56
100000143,Luke,Ball,Male,45,England,Other,3-Apr,40379.31
100000144,Sean,Bell,Male,26,England,White Collar,3-Apr,4539.24
100000145,Steven,Ball,Male,37,England,White Collar,4-Apr,89120.92
100000146,Andrew,Gray,Male,41,England,White Collar,5-Apr,51707.8
100000147,Jacob,Metcalfe,Male,33,England,White Collar,5-Apr,4940.82
100000148,Madeleine,Ogden,Female,37,England,White Collar,5-Apr,48405.93
100000149,Dylan,Davies,Male,33,England,White Collar,5-Apr,32467.1
100000150,Michelle,Lee,Female,29,England,White Collar,5-Apr,4020.51
100000151,Connor,Grant,Male,33,England,White Collar,5-Apr,5160.27
100000152,Justin,Metcalfe,Male,32,England,White Collar,5-Apr,51576.88
100000153,Elizabeth,Oliver,Female,36,England,White Collar,5-Apr,57019.91
100000154,Kevin,Powell,Male,46,England,White Collar,5-Apr,57365.32
100000155,Tim,Arnold,Male,33,England,Blue Collar,5-Apr,1455.6
100000156,Charles,Roberts,Male,24,England,Other,5-Apr,36256.2
100000157,Anthony,Cornish,Male,32,England,White Collar,5-Apr,24927.39
100000158,Michael,Powell,Male,26,England,White Collar,5-Apr,1009.69
100000159,Lucas,Lawrence,Male,30,England,White Collar,5-Apr,21871.43
100000160,Alexander,Walker,Male,38,England,White Collar,5-Apr,7602.94
100000161,Diana,Powell,Female,42,England,White Collar,5-Apr,2337
100000162,Emma,Peters,Female,36,England,Other,5-Apr,61541.83
100000163,Amanda,Morgan,Female,39,England,White Collar,5-Apr,4120.66
200000164,Claire,Walsh,Female,59,Scotland,Other,5-Apr,67524.87
200000165,Paul,Harris,Male,52,Scotland,Blue Collar,5-Apr,4371.98
200000166,William,Mitchell,Male,51,Scotland,Blue Collar,5-Apr,10229.63
300000167,Cameron,Ross,Male,24,Wales,Blue Collar,5-Apr,19064.65
300000168,Pippa,Wilson,Female,30,Wales,White Collar,5-Apr,30846.82
100000169,Blake,Mills,Male,39,England,Blue Collar,6-Apr,71396.66
100000170,Natalie,Morrison,Female,32,England,Other,6-Apr,3290.79
100000171,John,Hughes,Male,38,England,White Collar,6-Apr,13181.22
100000172,Nicholas,Greene,Male,42,England,Blue Collar,6-Apr,62923.29
100000173,Hannah,Thomson,Female,26,England,White Collar,6-Apr,93353.93
100000174,Penelope,Glover,Female,31,England,White Collar,6-Apr,46078.71
100000175,Max,Stewart,Male,31,England,White Collar,6-Apr,15986.62
100000176,Wendy,Gill,Female,25,England,White Collar,6-Apr,27384.85
100000177,Thomas,Bailey,Male,35,England,White Collar,6-Apr,70349.32
100000178,Dan,Piper,Male,33,England,Blue Collar,6-Apr,60748.04
100000179,Dan,Metcalfe,Male,24,England,Blue Collar,6-Apr,52862.29
400000180,Eric,Bower,Male,29,Northern Ireland,Blue Collar,6-Apr,20516.51
100000181,Mary,Watson,Female,32,England,White Collar,7-Apr,99806.54
100000182,Austin,Ball,Male,36,England,White Collar,7-Apr,21236.23
100000183,Christian,Piper,Male,31,England,White Collar,7-Apr,115312.87
100000184,Peter,McGrath,Male,33,England,Other,7-Apr,80564.87
100000185,Cameron,Short,Male,40,England,Other,7-Apr,21351.4
200000186,Sue,Ellison,Female,51,Scotland,Other,7-Apr,58953.83
100000187,Emma,Parr,Female,46,England,White Collar,8-Apr,40685.39
100000188,Pippa,Mathis,Female,29,England,White Collar,8-Apr,22659.88
100000189,Wendy,Morrison,Female,40,England,White Collar,8-Apr,9431.04
100000190,Vanessa,Avery,Female,25,England,Other,8-Apr,58714.66
200000191,Jason,Fisher,Male,51,Scotland,Blue Collar,8-Apr,1239.6
100000192,Oliver,Blake,Male,39,England,White Collar,9-Apr,48396.17
100000193,Jane,Wright,Female,44,England,Other,10-Apr,12283.3
100000194,James,McGrath,Male,40,England,White Collar,10-Apr,29331.41
100000195,Amanda,Young,Female,35,England,White Collar,10-Apr,16390.11
100000196,Jennifer,Slater,Female,32,England,White Collar,10-Apr,87203.66
100000197,Blake,Ross,Male,38,England,Blue Collar,11-Apr,3141.6
100000198,Tim,North,Male,29,England,White Collar,11-Apr,2299.26
100000199,Jasmine,Terry,Female,31,England,Blue Collar,11-Apr,44162.06
100000200,Karen,Mackenzie,Female,47,England,White Collar,11-Apr,90868.86
100000201,Oliver,Dickens,Male,34,England,Other,12-Apr,37985.15
100000202,Fiona,Underwood,Female,37,England,White Collar,12-Apr,54630.38
100000203,Yvonne,Arnold,Female,40,England,White Collar,12-Apr,60648.52
100000204,Fiona,Vance,Female,26,England,White Collar,12-Apr,18894.19
100000205,Anna,Lee,Female,25,England,Blue Collar,12-Apr,79603.36
100000206,Wanda,Short,Female,36,England,White Collar,12-Apr,109026.81
100000207,Blake,Berry,Male,41,England,White Collar,12-Apr,73998.37
100000208,Phil,Lewis,Male,39,England,White Collar,12-Apr,3734.24
100000209,Christian,Sharp,Male,39,England,Blue Collar,12-Apr,23322.33
200000210,Blake,Rutherford,Male,44,Scotland,Blue Collar,12-Apr,64482.16
100000211,Robert,Wright,Male,39,England,White Collar,13-Apr,52505.16
100000212,Eric,North,Male,34,England,White Collar,13-Apr,16569.82
100000213,Tracey,Grant,Female,29,England,Blue Collar,13-Apr,21065.22
100000214,Faith,McDonald,Female,21,England,Other,13-Apr,13487.9
100000215,Alan,Murray,Male,39,England,Blue Collar,13-Apr,34338.84
100000216,Nathan,Turner,Male,38,England,White Collar,13-Apr,48146.54
100000217,Carolyn,Hart,Female,28,England,White Collar,13-Apr,27008.87
100000218,Theresa,Grant,Female,29,England,White Collar,14-Apr,29907.72
100000219,Alexander,Ince,Male,25,England,White Collar,14-Apr,31660.86
100000220,Maria,Simpson,Female,38,England,Other,14-Apr,33509.17
100000221,Sally,Arnold,Female,45,England,Blue Collar,14-Apr,2575.63
100000222,Jessica,Morrison,Female,33,England,White Collar,14-Apr,4072.58
100000223,Lucas,Langdon,Male,32,England,White Collar,14-Apr,15375.41
100000224,Christian,Baker,Male,43,England,White Collar,14-Apr,18103.72
100000225,Piers,White,Male,31,England,White Collar,14-Apr,63230.57
100000226,Gordon,Fraser,Male,40,England,White Collar,14-Apr,9875.43
100000227,Connor,Gill,Male,29,England,Other,15-Apr,106172.13
100000228,Virginia,Howard,Female,37,England,White Collar,15-Apr,4611.5
100000229,Yvonne,Johnston,Female,36,England,White Collar,15-Apr,42635.27
100000230,Dan,Terry,Male,42,England,White Collar,15-Apr,51923.76
100000231,Audrey,McGrath,Female,45,England,White Collar,15-Apr,39249.25
100000232,Trevor,King,Male,41,England,Blue Collar,15-Apr,57762.79
100000233,Stewart,Pullman,Male,42,England,White Collar,16-Apr,63869.71
100000234,Brian,Mackay,Male,42,England,White Collar,16-Apr,10199.66
100000235,Jessica,James,Female,40,England,White Collar,16-Apr,47518.92
100000236,Carol,Blake,Female,43,England,White Collar,16-Apr,25542.15
100000237,Alison,Hudson,Female,43,England,White Collar,16-Apr,23887.45
300000238,Dorothy,Miller,Female,27,Wales,Other,16-Apr,39264.03
100000239,Natalie,Welch,Female,35,England,White Collar,17-Apr,11880.47
100000240,John,Baker,Male,32,England,White Collar,17-Apr,50658.95
100000241,Oliver,Powell,Male,43,England,White Collar,17-Apr,14946.79
100000242,Amanda,Rees,Female,34,England,Blue Collar,17-Apr,57148.41
100000243,Paul,Davies,Male,47,England,Blue Collar,17-Apr,116144.95
100000244,Brian,Short,Male,39,England,White Collar,17-Apr,45135.16
100000245,Matt,Graham,Male,31,England,White Collar,17-Apr,9867.56
100000246,Justin,Paterson,Male,30,England,White Collar,17-Apr,4442.71
100000247,Claire,Dickens,Female,33,England,White Collar,17-Apr,14380.27
100000248,James,Miller,Male,37,England,White Collar,17-Apr,4263.53
100000249,Brandon,Bower,Male,43,England,White Collar,17-Apr,32667.33
100000250,Amelia,Mathis,Female,30,England,Blue Collar,17-Apr,13407.54
100000251,Fiona,Jones,Female,33,England,White Collar,17-Apr,57127.03
100000252,Nicholas,Lyman,Male,30,England,White Collar,17-Apr,74588.31
100000253,Lauren,Ball,Female,29,England,White Collar,17-Apr,41237.66
100000254,Stewart,Rees,Male,34,England,White Collar,17-Apr,20276.52
100000255,Diane,Henderson,Female,36,England,Blue Collar,17-Apr,20379
200000256,Julian,Peake,Male,46,Scotland,Blue Collar,17-Apr,29487.25
200000257,Justin,Underwood,Male,36,Scotland,Blue Collar,17-Apr,79483.58
200000258,Owen,McGrath,Male,54,Scotland,Other,17-Apr,2112.92
200000259,Alison,Taylor,Female,50,Scotland,Other,17-Apr,18160.49
200000260,Harry,Walsh,Male,45,Scotland,Blue Collar,17-Apr,26059.74
200000261,Nathan,Howard,Male,47,Scotland,Blue Collar,17-Apr,19177.31
200000262,Zoe,Clarkson,Female,59,Scotland,Other,17-Apr,23550.89
200000263,Gabrielle,Marshall,Female,41,Scotland,Other,17-Apr,87758.52
200000264,Lily,Davies,Female,48,Scotland,Other,17-Apr,10577.52
200000265,Tim,Sanderson,Male,52,Scotland,Blue Collar,17-Apr,45213.63
200000266,Karen,Oliver,Female,28,Scotland,Other,17-Apr,13162.58
200000267,Luke,MacLeod,Male,55,Scotland,Other,17-Apr,36993.45
300000268,James,Oliver,Male,28,Wales,Blue Collar,17-Apr,67180.28
300000269,Gabrielle,Powell,Female,42,Wales,Other,17-Apr,44094.63
300000270,Heather,Black,Female,63,Wales,Other,17-Apr,27020.99
300000271,Carl,Abraham,Male,30,Wales,White Collar,17-Apr,28912.8
400000272,Rose,Blake,Female,25,Northern Ireland,White Collar,17-Apr,48997.63
100000273,Jake,Skinner,Male,41,England,White Collar,18-Apr,41250.67
100000274,Rose,Russell,Female,34,England,Other,18-Apr,111818.28
100000275,Victor,Avery,Male,42,England,White Collar,19-Apr,10114.95
100000276,Brandon,Miller,Male,30,England,Blue Collar,19-Apr,14034.12
100000277,Maria,Arnold,Female,37,England,White Collar,19-Apr,57574.38
100000278,Irene,Vaughan,Female,30,England,Blue Collar,19-Apr,71596.18
100000279,Blake,Alsop,Male,42,England,White Collar,19-Apr,32187.62
100000280,Stephanie,Ogden,Female,31,England,Other,19-Apr,717.13
100000281,Sam,Parsons,Male,37,England,Blue Collar,19-Apr,103875.81
100000282,Theresa,Marshall,Female,29,England,White Collar,20-Apr,70403.65
100000283,Stephanie,Smith,Female,34,England,White Collar,20-Apr,12559.26
100000284,Lily,Hughes,Female,30,England,White Collar,20-Apr,7136.47
100000285,Matt,Black,Male,34,England,White Collar,21-Apr,51792.13
100000286,Ruth,Lambert,Female,31,England,Other,21-Apr,96203.49
100000287,Peter,Lyman,Male,41,England,White Collar,21-Apr,64731.46
100000288,Liam,King,Male,37,England,White Collar,21-Apr,37857
100000289,Olivia,Peake,Female,32,England,White Collar,22-Apr,51470.09
100000290,Joe,May,Male,40,England,White Collar,22-Apr,70357.61
100000291,Wanda,Quinn,Female,21,England,White Collar,22-Apr,5470.79
100000292,Karen,Glover,Female,40,England,White Collar,22-Apr,25248.37
100000293,Nathan,Bond,Male,45,England,Other,22-Apr,65116.98
100000294,Brandon,Morgan,Male,27,England,Other,22-Apr,23668.42
200000295,Tim,Thomson,Male,45,Scotland,Blue Collar,22-Apr,16423.75
100000296,Penelope,Clarkson,Female,31,England,White Collar,23-Apr,50533.23
100000297,Sophie,Thomson,Female,33,England,White Collar,23-Apr,152.91
100000298,Anna,James,Female,26,England,White Collar,23-Apr,14758.38
100000299,Zoe,Johnston,Female,40,England,White Collar,23-Apr,14730.54
200000300,Owen,Smith,Male,53,Scotland,Blue Collar,23-Apr,64309.53
200000301,Joseph,Robertson,Male,41,Scotland,Blue Collar,23-Apr,99190.79
300000302,William,Wilkins,Male,30,Wales,Blue Collar,23-Apr,13597.9
100000303,Brian,Russell,Male,42,England,Blue Collar,24-Apr,122903.78
100000304,Andrea,Jackson,Female,42,England,White Collar,24-Apr,30474.69
100000305,Kevin,Springer,Male,29,England,White Collar,24-Apr,8802.24
100000306,Phil,Grant,Male,32,England,White Collar,24-Apr,60487.89
100000307,Adrian,Hill,Male,33,England,Blue Collar,24-Apr,2457.4
100000308,John,Campbell,Male,43,England,White Collar,24-Apr,33311.31
100000309,Alexander,Edmunds,Male,30,England,White Collar,24-Apr,21296.27
100000310,Felicity,Hodges,Female,33,England,White Collar,24-Apr,60876.78
100000311,Lucas,Avery,Male,30,England,Blue Collar,25-Apr,26572.16
100000312,Blake,Hudson,Male,45,England,Blue Collar,25-Apr,21150.98
100000313,Jessica,Piper,Female,40,England,White Collar,26-Apr,65947.69
100000314,Nicola,Clarkson,Female,31,England,White Collar,26-Apr,86849.17
100000315,Peter,Metcalfe,Male,27,England,Other,26-Apr,7336.33
100000316,Mary,Carr,Female,37,England,White Collar,26-Apr,5611.36
100000317,Liam,Stewart,Male,35,England,White Collar,26-Apr,43790.83
100000318,Anna,MacLeod,Female,43,England,Blue Collar,27-Apr,1537.23
100000319,John,Hemmings,Male,30,England,White Collar,27-Apr,23015.54
100000320,Ryan,Morrison,Male,34,England,White Collar,27-Apr,42984.36
100000321,Adam,Sharp,Male,43,England,Blue Collar,27-Apr,67809.29
100000322,Alison,Lambert,Female,30,England,Other,27-Apr,35117.34
100000323,Joanne,Fisher,Female,21,England,White Collar,27-Apr,45045.19
100000324,David,Newman,Male,54,England,White Collar,27-Apr,33113.21
100000325,Boris,Walker,Male,35,England,Other,28-Apr,41080.73
100000326,Felicity,North,Female,42,England,White Collar,28-Apr,71637.04
100000327,Dominic,Miller,Male,40,England,Other,28-Apr,7463.59
100000328,Megan,Tucker,Female,34,England,White Collar,28-Apr,2016.84
100000329,Deirdre,Coleman,Female,37,England,White Collar,28-Apr,12405.07
100000330,Wendy,Turner,Female,31,England,White Collar,28-Apr,19933.38
100000331,Jonathan,Manning,Male,44,England,White Collar,28-Apr,50015.54
100000332,Carolyn,Churchill,Female,34,England,White Collar,28-Apr,24709.89
200000333,David,Morrison,Male,54,Scotland,Blue Collar,28-Apr,15859.07
100000334,Carolyn,Roberts,Female,33,England,White Collar,29-Apr,41128.52
100000335,Karen,May,Female,42,England,Blue Collar,29-Apr,7583.72
100000336,Tracey,Edmunds,Female,36,England,White Collar,29-Apr,25132.97
100000337,Tracey,Langdon,Female,22,England,White Collar,29-Apr,70526.58
100000338,Jake,Dyer,Male,42,England,White Collar,29-Apr,31273.66
200000339,Theresa,Slater,Female,58,Scotland,Other,29-Apr,33008.01
300000340,Rebecca,Nash,Female,20,Wales,White Collar,29-Apr,1488.04
100000341,Jasmine,Greene,Female,29,England,White Collar,30-Apr,4507.91
100000342,Christian,Jackson,Male,38,England,White Collar,30-Apr,18433.59
100000343,Eric,Vance,Male,33,England,White Collar,30-Apr,30907.61
100000344,Anna,Miller,Female,35,England,White Collar,30-Apr,58807.73
100000345,Benjamin,Ince,Male,36,England,White Collar,30-Apr,10174.7
100000346,Joseph,Buckland,Male,31,England,White Collar,2-May,20570.41
200000347,Jake,Manning,Male,56,Scotland,Other,2-May,70950.09
200000348,Brandon,Anderson,Male,51,Scotland,Other,2-May,27842.09
200000349,Cameron,Duncan,Male,55,Scotland,Blue Collar,2-May,60036.51
200000350,Isaac,Kelly,Male,61,Scotland,Blue Collar,2-May,31920.69
300000351,Nicholas,James,Male,38,Wales,Blue Collar,2-May,48457.2
200000352,Piers,Harris,Male,51,Scotland,White Collar,3-May,90573.15
200000353,Gordon,Ellison,Male,58,Scotland,Blue Collar,3-May,6416.8
200000354,Ian,Kerr,Male,42,Scotland,Other,3-May,13414.22
200000355,Sebastian,Welch,Male,46,Scotland,Blue Collar,3-May,10950.36
200000356,Richard,Hamilton,Male,42,Scotland,Blue Collar,3-May,17740.51
300000357,Mary,Reid,Female,27,Wales,Other,3-May,18106.22
300000358,Simon,Morrison,Male,28,Wales,Blue Collar,3-May,6729.3
400000359,Gabrielle,MacDonald,Female,17,Northern Ireland,Other,3-May,65798.4
100000360,Emma,Fisher,Female,44,England,White Collar,4-May,8118.3
200000361,Charles,Tucker,Male,45,Scotland,Blue Collar,4-May,68256.88
200000362,Joshua,Underwood,Male,52,Scotland,White Collar,4-May,107185.54
200000363,Brandon,Johnston,Male,45,Scotland,Blue Collar,4-May,24064.3
300000364,Katherine,Howard,Female,34,Wales,White Collar,4-May,5654.34
300000365,Dorothy,Butler,Female,28,Wales,Other,4-May,65204.55
300000366,Dorothy,Paige,Female,35,Wales,White Collar,4-May,17495.5
300000367,Karen,Gray,Female,32,Wales,White Collar,4-May,18897.91
400000368,Olivia,Simpson,Female,31,Northern Ireland,Other,4-May,62299.63
100000369,Joan,Quinn,Female,38,England,White Collar,5-May,40010.06
200000370,Joshua,Bond,Male,62,Scotland,Other,5-May,53342.1
200000371,Alan,Kelly,Male,44,Scotland,Other,5-May,6288.73
200000372,Thomas,Martin,Male,54,Scotland,Blue Collar,5-May,20205.92
200000373,Lucas,Gill,Male,39,Scotland,Blue Collar,5-May,16549.43
300000374,John,Underwood,Male,19,Wales,Blue Collar,5-May,94786.37
300000375,Molly,Black,Female,44,Wales,Other,5-May,47772.44
400000376,Megan,Forsyth,Female,28,Northern Ireland,Other,5-May,44349.72
100000377,Samantha,Knox,Female,49,England,Other,6-May,9119.52
100000378,Harry,Manning,Male,18,England,White Collar,6-May,311.26
100000379,Melanie,Henderson,Female,38,England,Other,6-May,19744.49
100000380,Piers,Walker,Male,39,England,White Collar,6-May,48712.33
100000381,Kimberly,Bond,Female,41,England,White Collar,6-May,13162.58
100000382,Anthony,Chapman,Male,45,England,Other,6-May,53204.35
100000383,Jasmine,Oliver,Female,32,England,White Collar,6-May,67428.15
200000384,Bella,Bailey,Female,42,Scotland,Other,6-May,12088.72
200000385,Joe,Parsons,Male,41,Scotland,Blue Collar,6-May,28710.54
200000386,Edward,Marshall,Male,51,Scotland,Other,6-May,36923.01
200000387,Christian,Blake,Male,56,Scotland,Blue Collar,6-May,40540.01
200000388,Gavin,Sanderson,Male,58,Scotland,Blue Collar,6-May,23001.06
200000389,Leonard,Thomson,Male,38,Scotland,Blue Collar,6-May,11418.92
200000390,Joseph,Henderson,Male,46,Scotland,Blue Collar,6-May,16431.17
200000391,Gavin,Berry,Male,61,Scotland,Blue Collar,6-May,56557.11
300000392,Yvonne,Piper,Female,44,Wales,Other,6-May,25290.08
300000393,Lily,Lyman,Female,34,Wales,Other,6-May,109225.68
300000394,Julia,Scott,Female,42,Wales,Blue Collar,6-May,41572.1
300000395,Gavin,Oliver,Male,32,Wales,Other,6-May,4820.58
400000396,Fiona,Buckland,Female,32,Northern Ireland,Blue Collar,6-May,23059.56
400000397,Madeleine,Kerr,Female,36,Northern Ireland,Other,6-May,61911.69
400000398,Nicola,Ferguson,Female,37,Northern Ireland,Other,6-May,36603.02
400000399,Amy,Miller,Female,23,Northern Ireland,Other,6-May,20060.1
100000400,Jacob,Fisher,Male,35,England,White Collar,7-May,2423.46
100000401,Leonard,Paterson,Male,41,England,White Collar,7-May,51459.45
100000402,Kylie,McDonald,Female,32,England,White Collar,7-May,13621.48
100000403,Ruth,Simpson,Female,39,England,White Collar,7-May,84925.13
100000404,Stewart,Bell,Male,38,England,White Collar,7-May,120732.35
100000405,Cameron,Blake,Male,36,England,White Collar,7-May,23722.37
200000406,Ian,May,Male,39,Scotland,Blue Collar,7-May,39343.24
200000407,Charles,Gibson,Male,48,Scotland,Other,7-May,23703.79
200000408,Blake,Churchill,Male,55,Scotland,Blue Collar,7-May,26811.22
300000409,Stewart,Scott,Male,45,Wales,Other,7-May,19287.92
300000410,Andrew,Grant,Male,32,Wales,White Collar,7-May,50621.67
300000411,Edward,Dowd,Male,38,Wales,White Collar,7-May,97120.48
100000412,Dan,Wright,Male,18,England,White Collar,8-May,6507.7
100000413,Boris,Burgess,Male,24,England,Blue Collar,8-May,38590.44
200000414,Sebastian,Langdon,Male,45,Scotland,Other,8-May,8313.86
200000415,Jake,Miller,Male,45,Scotland,Blue Collar,8-May,35076.06
200000416,Gordon,Lee,Male,46,Scotland,Blue Collar,8-May,64383.55
200000417,Andrew,Murray,Male,37,Scotland,Blue Collar,8-May,31821.23
300000418,Christian,McLean,Male,44,Wales,White Collar,8-May,9667.85
400000419,Alison,Kerr,Female,25,Northern Ireland,Other,8-May,1905.46
100000420,Samantha,Mackenzie,Female,32,England,White Collar,9-May,4285.6
100000421,Kimberly,Wallace,Female,30,England,Other,9-May,5357.39
100000422,Brian,Simpson,Male,35,England,White Collar,9-May,8245.73
100000423,Wendy,Metcalfe,Female,27,England,White Collar,9-May,60406.61
200000424,Keith,Ogden,Male,53,Scotland,Blue Collar,9-May,67540.82
200000425,Joshua,Ince,Male,45,Scotland,Other,9-May,34870.84
200000426,Andrew,Jackson,Male,55,Scotland,Blue Collar,9-May,40918.44
300000427,Dominic,Welch,Male,24,Wales,White Collar,9-May,65526.26
300000428,Diana,Bower,Female,49,Wales,White Collar,9-May,20738.67
300000429,Trevor,Reid,Male,37,Wales,Other,9-May,34401.95
300000430,Amy,Welch,Female,26,Wales,White Collar,9-May,20774.79
400000431,Jan,Avery,Female,29,Northern Ireland,White Collar,9-May,743.29
400000432,Abigail,Poole,Female,29,Northern Ireland,Other,9-May,4287.78
400000433,Rose,Robertson,Female,27,Northern Ireland,White Collar,9-May,23871.79
400000434,Penelope,Paterson,Female,27,Northern Ireland,Other,9-May,2437.23
100000435,Isaac,Rutherford,Male,35,England,White Collar,10-May,15042.08
100000436,Bella,Hemmings,Female,24,England,Other,10-May,77908.67
100000437,Sean,Sanderson,Male,31,England,Blue Collar,10-May,6459.02
200000438,Colin,Howard,Male,60,Scotland,White Collar,10-May,1860.46
300000439,Tim,Miller,Male,26,Wales,Blue Collar,10-May,3209.28
300000440,Sally,Mitchell,Female,23,Wales,White Collar,10-May,32658.92
400000441,Amy,Murray,Female,21,Northern Ireland,Blue Collar,10-May,60338.07
400000442,Dorothy,Duncan,Female,33,Northern Ireland,Other,10-May,72810.9
100000443,Justin,Hodges,Male,27,England,White Collar,11-May,107287.71
100000444,Melanie,Nash,Female,41,England,Blue Collar,11-May,18907.19
100000445,Rose,Hodges,Female,43,England,White Collar,11-May,44996.7
100000446,Christian,Abraham,Male,37,England,White Collar,11-May,66791.82
200000447,Neil,Coleman,Male,33,Scotland,Blue Collar,11-May,76071.15
200000448,Evan,Hart,Male,41,Scotland,Blue Collar,11-May,21536.61
400000449,Edward,Buckland,Male,30,Northern Ireland,White Collar,11-May,41273.45
400000450,Jake,Cornish,Male,39,Northern Ireland,Blue Collar,11-May,2838.91
100000451,Tracey,Thomson,Female,36,England,Blue Collar,12-May,10303.92
100000452,Peter,Quinn,Male,40,England,White Collar,12-May,15488.15
100000453,Kimberly,Clark,Female,23,England,White Collar,12-May,17253.97
100000454,Edward,Hart,Male,26,England,Other,12-May,22143.77
100000455,Eric,Henderson,Male,35,England,Blue Collar,12-May,1760.36
100000456,Amanda,Ball,Female,51,England,White Collar,12-May,28034.11
200000457,Samantha,Mackay,Female,48,Scotland,Blue Collar,12-May,18739.74
200000458,Lucas,Tucker,Male,59,Scotland,Blue Collar,12-May,34640.4
200000459,Charles,Brown,Male,43,Scotland,Other,12-May,57551.21
200000460,Olivia,Turner,Female,54,Scotland,Other,12-May,18720.84
200000461,Alan,Grant,Male,52,Scotland,White Collar,12-May,29971.21
200000462,Paul,Martin,Male,52,Scotland,Other,12-May,6967.51
200000463,Paul,Reid,Male,46,Scotland,Blue Collar,12-May,131848.63
200000464,Adam,Dyer,Male,57,Scotland,Blue Collar,12-May,26601.44
200000465,Una,Lawrence,Female,42,Scotland,Other,12-May,48457.47
300000466,Amy,Davies,Female,39,Wales,White Collar,12-May,83260.18
300000467,Angela,Morrison,Female,20,Wales,Other,12-May,1291.01
300000468,Jasmine,Allan,Female,45,Wales,Other,12-May,64149.12
300000469,Peter,Parsons,Male,38,Wales,Blue Collar,12-May,64271.06
400000470,James,White,Male,27,Northern Ireland,White Collar,12-May,14890.26
400000471,Joan,Blake,Female,35,Northern Ireland,White Collar,12-May,27867.83
400000472,Gabrielle,Hardacre,Female,23,Northern Ireland,Other,12-May,58442.19
400000473,James,Kerr,Male,32,Northern Ireland,Other,12-May,36854.57
400000474,Harry,Peake,Male,33,Northern Ireland,White Collar,12-May,66642.91
100000475,Kevin,James,Male,37,England,White Collar,13-May,101697.71
100000476,Donna,Robertson,Female,33,England,White Collar,13-May,30862.64
100000477,Chloe,MacLeod,Female,31,England,White Collar,13-May,36911.96
100000478,Bernadette,Forsyth,Female,33,England,White Collar,13-May,9069.47
200000479,Connor,MacLeod,Male,43,Scotland,Other,13-May,41525.24
200000480,Harry,Reid,Male,45,Scotland,Blue Collar,13-May,25671.22
200000481,Joan,Gray,Female,48,Scotland,Blue Collar,13-May,74211.7
200000482,Justin,Graham,Male,53,Scotland,White Collar,13-May,19032.02
200000483,Anthony,Gill,Male,47,Scotland,Other,13-May,18970.24
200000484,Ian,Morrison,Male,39,Scotland,Blue Collar,13-May,6572.36
200000485,Alan,Murray,Male,54,Scotland,White Collar,13-May,72492.49
200000486,Leonard,Churchill,Male,53,Scotland,Blue Collar,13-May,19641.85
300000487,Heather,Ross,Female,19,Wales,White Collar,13-May,30972.98
400000488,Sue,Morrison,Female,35,Northern Ireland,Other,13-May,38769.69
100000489,Kevin,Wright,Male,41,England,White Collar,14-May,80877.94
200000490,Abigail,Fisher,Female,58,Scotland,Other,14-May,71689.7
200000491,Piers,Jones,Male,46,Scotland,Blue Collar,14-May,14557.62
200000492,Julian,Langdon,Male,50,Scotland,Blue Collar,14-May,18144.44
200000493,Jacob,Forsyth,Male,49,Scotland,Blue Collar,14-May,127883.17
300000494,Jonathan,White,Male,41,Wales,White Collar,14-May,74390.3
300000495,Stephen,Poole,Male,40,Wales,White Collar,14-May,8257.16
300000496,Julia,Chapman,Female,41,Wales,Other,14-May,21688.92
400000497,Anna,Chapman,Female,26,Northern Ireland,White Collar,14-May,5789.63
100000498,Emma,Lewis,Female,37,England,Blue Collar,15-May,9178.75
100000499,Deirdre,Greene,Female,42,England,Other,15-May,36354.73
100000500,Grace,Stewart,Female,32,England,Other,15-May,44609.05
100000501,Victoria,Johnston,Female,42,England,White Collar,15-May,47360.61
100000502,Pippa,Johnston,Female,18,England,White Collar,15-May,58142.21
200000503,Warren,Lyman,Male,51,Scotland,Blue Collar,15-May,920.31
200000504,Jason,Lyman,Male,51,Scotland,White Collar,15-May,16320.71
200000505,Brandon,Peake,Male,42,Scotland,Blue Collar,15-May,35821.21
200000506,Harry,Payne,Male,53,Scotland,Blue Collar,15-May,15708.72
200000507,Isaac,Gill,Male,51,Scotland,Blue Collar,15-May,85973.68
200000508,Bella,Gibson,Female,47,Scotland,Other,15-May,15438.53
300000509,Wendy,Rampling,Female,31,Wales,White Collar,15-May,54685.83
300000510,Peter,Scott,Male,27,Wales,White Collar,15-May,36638.21
300000511,Felicity,Wallace,Female,51,Wales,Blue Collar,15-May,40918.08
300000512,Jasmine,Marshall,Female,57,Wales,White Collar,15-May,45944.18
400000513,Amy,Wilkins,Female,20,Northern Ireland,Other,15-May,4672.75
400000514,Michael,Henderson,Male,35,Northern Ireland,Other,15-May,63602.12
400000515,Amanda,Mackenzie,Female,26,Northern Ireland,White Collar,15-May,93357.28
400000516,Hannah,Oliver,Female,29,Northern Ireland,Other,15-May,23358.95
400000517,Carol,Rutherford,Female,37,Northern Ireland,Other,15-May,6456.6
100000518,Penelope,Metcalfe,Female,35,England,Blue Collar,16-May,64233.87
100000519,Alexander,Duncan,Male,19,England,White Collar,16-May,70407.91
100000520,Joan,Clarkson,Female,42,England,White Collar,16-May,29385.08
100000521,Sonia,Vance,Female,23,England,Blue Collar,16-May,27124.28
200000522,Benjamin,Sutherland,Male,41,Scotland,White Collar,16-May,33345.11
200000523,Adam,Gill,Male,50,Scotland,Blue Collar,16-May,92328.66
300000524,Brandon,Clark,Male,31,Wales,White Collar,16-May,145995.97
300000525,Luke,Mathis,Male,23,Wales,Blue Collar,16-May,56584.82
300000526,Yvonne,Metcalfe,Female,40,Wales,Other,16-May,57702.39
300000527,Mary,Stewart,Female,32,Wales,White Collar,16-May,43353.84
300000528,Victoria,Welch,Female,30,Wales,Other,16-May,34170.61
300000529,Amelia,Nolan,Female,24,Wales,White Collar,16-May,51952.49
300000530,Chloe,Hill,Female,36,Wales,White Collar,16-May,73513.79
300000531,Felicity,Vaughan,Female,23,Wales,White Collar,16-May,51109.71
200000532,Frank,Parr,Male,53,Scotland,Blue Collar,17-May,9531.85
200000533,Abigail,Gibson,Female,56,Scotland,Other,17-May,20740.75
200000534,Sebastian,Thomson,Male,62,Scotland,Blue Collar,17-May,6273.93
200000535,Ryan,Marshall,Male,46,Scotland,Blue Collar,17-May,399.51
200000536,Simon,Brown,Male,47,Scotland,Blue Collar,17-May,18486.67
200000537,Rebecca,Simpson,Female,50,Scotland,Other,17-May,12726.77
200000538,Robert,Burgess,Male,44,Scotland,Blue Collar,17-May,61035.44
300000539,Julia,Allan,Female,23,Wales,Blue Collar,17-May,80752.64
400000540,Fiona,Baker,Female,31,Northern Ireland,Other,17-May,121133.06
400000541,Victoria,Kerr,Female,30,Northern Ireland,Blue Collar,17-May,6133.35
100000542,Anne,Sharp,Female,31,England,White Collar,18-May,57538.47
100000543,Chloe,Dickens,Female,35,England,White Collar,18-May,46422.42
100000544,Ian,Ince,Male,29,England,White Collar,18-May,73217.9
100000545,Julia,Ellison,Female,36,England,Blue Collar,18-May,88072.23
100000546,Donna,Johnston,Female,24,England,Blue Collar,18-May,10816.33
100000547,Sue,Baker,Female,40,England,White Collar,18-May,7924.91
200000548,Emily,King,Female,63,Scotland,Other,18-May,10013.03
200000549,Frank,Poole,Male,55,Scotland,Other,18-May,35657.25
300000550,Fiona,Young,Female,34,Wales,Blue Collar,18-May,2872.93
300000551,Cameron,Knox,Male,35,Wales,Other,18-May,7709.87
300000552,Bernadette,Ferguson,Female,38,Wales,White Collar,18-May,40078.58
300000553,Zoe,Ferguson,Female,33,Wales,Blue Collar,18-May,53715.28
400000554,Carol,Marshall,Female,26,Northern Ireland,Other,18-May,32940.49
400000555,Zoe,Murray,Female,38,Northern Ireland,Other,18-May,14606.14
400000556,Irene,Oliver,Female,38,Northern Ireland,Other,18-May,28388.7
400000557,Lisa,Buckland,Female,23,Northern Ireland,Other,18-May,21191.04
100000558,Jan,Sanderson,Female,42,England,Other,19-May,26577.07
100000559,Grace,Mills,Female,34,England,White Collar,19-May,15376.5
100000560,Jacob,King,Male,34,England,Other,19-May,46243.31
100000561,Lillian,Metcalfe,Female,30,England,White Collar,19-May,65904.54
100000562,Brandon,MacDonald,Male,27,England,White Collar,19-May,23502.2
100000563,Joanne,Mackenzie,Female,52,England,Blue Collar,19-May,76378.23
100000564,Leonard,Paige,Male,27,England,White Collar,19-May,12420.86
100000565,Grace,Scott,Female,31,England,Other,19-May,21282.52
100000566,Diane,Berry,Female,36,England,White Collar,19-May,7483.28
100000567,Alison,James,Female,26,England,White Collar,19-May,27284.36
100000568,Oliver,Hudson,Male,35,England,White Collar,19-May,66567.28
100000569,Gabrielle,Skinner,Female,39,England,White Collar,19-May,73357.86
100000570,Nicola,Hill,Female,34,England,Other,19-May,35679.31
100000571,Connor,Harris,Male,31,England,White Collar,19-May,79744.7
100000572,David,Stewart,Male,51,England,White Collar,19-May,72742.52
100000573,Sam,Howard,Male,35,England,White Collar,19-May,45176.14
100000574,Dylan,Marshall,Male,25,England,Other,19-May,8518.46
100000575,Michael,Davidson,Male,20,England,White Collar,19-May,3115.49
100000576,Madeleine,Hamilton,Female,26,England,White Collar,19-May,55006.43
100000577,Yvonne,Randall,Female,43,England,Other,19-May,82248.75
100000578,Nathan,Davidson,Male,33,England,Blue Collar,19-May,126150.99
200000579,James,Glover,Male,47,Scotland,Other,19-May,44263.92
200000580,Charles,Arnold,Male,52,Scotland,Other,19-May,22436.69
200000581,Alexander,Hill,Male,46,Scotland,Blue Collar,19-May,14605.89
200000582,Rebecca,Clarkson,Female,42,Scotland,Blue Collar,19-May,24087.99
200000583,Joanne,Mills,Female,56,Scotland,Other,19-May,46034.1
200000584,Alan,Metcalfe,Male,44,Scotland,Blue Collar,19-May,60464.54
200000585,Julian,Russell,Male,58,Scotland,Other,19-May,54739.91
200000586,Dylan,Piper,Male,44,Scotland,Blue Collar,19-May,6498.08
200000587,Sebastian,Forsyth,Male,51,Scotland,Blue Collar,19-May,43526.55
200000588,Sean,Dyer,Male,46,Scotland,Blue Collar,19-May,26094.73
200000589,David,Cameron,Male,43,Scotland,Blue Collar,19-May,64483.09
200000590,Stephen,Fisher,Male,53,Scotland,Blue Collar,19-May,35898.96
200000591,Christian,Edmunds,Male,41,Scotland,Blue Collar,19-May,52388.41
300000592,Diana,Martin,Female,27,Wales,White Collar,19-May,98541.75
300000593,Amanda,Simpson,Female,33,Wales,Other,19-May,33373.82
300000594,Joan,Randall,Female,39,Wales,White Collar,19-May,40637.13
300000595,Joe,Ogden,Male,34,Wales,Blue Collar,19-May,61421.55
300000596,Lillian,Kerr,Female,36,Wales,White Collar,19-May,56989.79
300000597,Julian,Lyman,Male,36,Wales,White Collar,19-May,60084.51
300000598,Blake,MacDonald,Male,39,Wales,Blue Collar,19-May,51333.22
300000599,Victoria,Forsyth,Female,33,Wales,White Collar,19-May,1790.25
400000600,Nicola,Graham,Female,24,Northern Ireland,Other,19-May,33611.35
400000601,Blake,Anderson,Male,32,Northern Ireland,Blue Collar,19-May,30923.45
400000602,Molly,Hart,Female,24,Northern Ireland,White Collar,19-May,63070.39
100000603,Jane,Walker,Female,31,England,White Collar,20-May,41203.42
100000604,Angela,Short,Female,31,England,White Collar,20-May,21890.47
100000605,Jasmine,Wilkins,Female,45,England,White Collar,20-May,74637.96
100000606,Ruth,Mackenzie,Female,42,England,White Collar,20-May,4252.16
200000607,Brian,Arnold,Male,45,Scotland,White Collar,20-May,10273.77
200000608,Adrian,Wright,Male,44,Scotland,Other,20-May,9061.01
200000609,Leonard,Brown,Male,58,Scotland,Other,20-May,86041.55
200000610,Ian,Walsh,Male,52,Scotland,Blue Collar,20-May,96808.76
300000611,Nicola,Paige,Female,36,Wales,Blue Collar,20-May,26783.44
300000612,Emily,Ince,Female,24,Wales,White Collar,20-May,16637.73
300000613,Paul,Ellison,Male,31,Wales,White Collar,20-May,34008.59
300000614,Jennifer,Skinner,Female,38,Wales,Blue Collar,20-May,27842.1
300000615,Penelope,Grant,Female,42,Wales,Other,20-May,24020.29
100000616,Alison,Cornish,Female,40,England,White Collar,21-May,22671.13
100000617,Evan,Metcalfe,Male,32,England,Blue Collar,21-May,4576.45
100000618,Andrew,Wright,Male,42,England,White Collar,21-May,16236.11
200000619,Alexander,Abraham,Male,49,Scotland,Blue Collar,21-May,32144.44
200000620,Simon,Slater,Male,51,Scotland,Blue Collar,21-May,54343.81
200000621,Andrew,Hill,Male,51,Scotland,Blue Collar,21-May,60857.23
200000622,Christopher,Randall,Male,49,Scotland,White Collar,21-May,68252.3
200000623,Brian,Mitchell,Male,53,Scotland,Other,21-May,110688.19
300000624,Tim,Paterson,Male,40,Wales,Blue Collar,21-May,34324.69
400000625,Eric,Oliver,Male,22,Northern Ireland,White Collar,21-May,10472.49
100000626,Lily,Hudson,Female,36,England,White Collar,22-May,27754.62
100000627,Brian,Slater,Male,44,England,White Collar,22-May,94471.86
100000628,Rose,Davies,Female,33,England,White Collar,22-May,22387.4
200000629,Benjamin,McDonald,Male,48,Scotland,Other,22-May,8114.82
200000630,Sam,Powell,Male,51,Scotland,Blue Collar,22-May,126331.75
200000631,Sean,Lyman,Male,57,Scotland,Blue Collar,22-May,50454.73
200000632,Nicholas,Allan,Male,64,Scotland,Blue Collar,22-May,15909.96
300000633,Piers,Miller,Male,42,Wales,White Collar,22-May,39588.61
300000634,Heather,Mackay,Female,50,Wales,White Collar,22-May,57622.79
300000635,Kimberly,Walsh,Female,34,Wales,White Collar,22-May,48381.35
300000636,Elizabeth,McDonald,Female,30,Wales,White Collar,22-May,20276.08
300000637,Carolyn,Mills,Female,40,Wales,White Collar,22-May,18379.01
400000638,Irene,Gill,Female,46,Northern Ireland,Blue Collar,22-May,22906.99
400000639,Peter,Miller,Male,28,Northern Ireland,White Collar,22-May,146569.77
100000640,David,Arnold,Male,38,England,Blue Collar,23-May,47824.63
100000641,Amanda,Payne,Female,38,England,Other,23-May,30788.33
100000642,Eric,Wilson,Male,29,England,Blue Collar,23-May,62631.04
100000643,Alison,Parsons,Female,32,England,Other,23-May,79617.5
200000644,Tim,Marshall,Male,48,Scotland,Blue Collar,23-May,9997.81
200000645,Joan,Abraham,Female,47,Scotland,Other,23-May,19366.89
200000646,Liam,Rutherford,Male,50,Scotland,Blue Collar,23-May,70840.07
200000647,Liam,Wright,Male,50,Scotland,Other,23-May,48457.18
200000648,Gavin,Martin,Male,52,Scotland,Blue Collar,23-May,49590.89
200000649,Isaac,Quinn,Male,53,Scotland,Blue Collar,23-May,33269.35
300000650,Abigail,Short,Female,26,Wales,Blue Collar,23-May,39944.64
300000651,Una,Jones,Female,46,Wales,White Collar,23-May,30255.26
300000652,Chloe,Forsyth,Female,34,Wales,White Collar,23-May,28272.45
400000653,Sam,Campbell,Male,35,Northern Ireland,White Collar,23-May,11638.39
400000654,Simon,Lawrence,Male,25,Northern Ireland,Other,23-May,354.04
100000655,Brandon,Walsh,Male,30,England,White Collar,24-May,18150.13
100000656,Dylan,Smith,Male,32,England,Other,24-May,52580.7
100000657,Emily,Reid,Female,48,England,White Collar,24-May,26493.26
200000658,John,Payne,Male,45,Scotland,Other,24-May,16824.6
200000659,Stewart,Poole,Male,52,Scotland,Blue Collar,24-May,16849.99
200000660,Keith,Parr,Male,53,Scotland,Blue Collar,24-May,66329.8
200000661,Lucas,Abraham,Male,51,Scotland,Blue Collar,24-May,25861.3
200000662,Trevor,Skinner,Male,48,Scotland,Blue Collar,24-May,29501.46
200000663,Leonard,Jackson,Male,52,Scotland,Other,24-May,58470.37
200000664,Harry,Hodges,Male,38,Scotland,White Collar,24-May,39702.17
200000665,Edward,Turner,Male,48,Scotland,Other,24-May,19419.68
300000666,Alan,Forsyth,Male,35,Wales,Blue Collar,24-May,38041.18
300000667,Richard,Watson,Male,35,Wales,White Collar,24-May,83727.16
300000668,Anthony,Ellison,Male,33,Wales,White Collar,24-May,42548.69
200000669,Jake,Rutherford,Male,52,Scotland,Blue Collar,25-May,83902.83
200000670,Richard,Carr,Male,42,Scotland,Blue Collar,25-May,65655.36
200000671,Carolyn,Arnold,Female,61,Scotland,Other,25-May,8367.59
200000672,Audrey,Ince,Female,59,Scotland,Other,25-May,24075.18
200000673,Cameron,Dyer,Male,53,Scotland,Other,25-May,71478.63
200000674,William,Lyman,Male,55,Scotland,Blue Collar,25-May,32611.26
300000675,Matt,Davies,Male,26,Wales,Blue Collar,25-May,11076.52
400000676,Andrea,Nolan,Female,22,Northern Ireland,Other,25-May,30117.88
100000677,Dominic,Langdon,Male,41,England,White Collar,26-May,24558.98
100000678,Victoria,Thomson,Female,25,England,White Collar,26-May,926.29
100000679,Yvonne,Lambert,Female,29,England,White Collar,26-May,15392.76
100000680,Ruth,Short,Female,40,England,Blue Collar,26-May,76093.12
200000681,Maria,Welch,Female,52,Scotland,Other,26-May,17999.17
200000682,Oliver,Paterson,Male,37,Scotland,Other,26-May,66522.71
200000683,Piers,Gray,Male,60,Scotland,Blue Collar,26-May,13764.72
200000684,Leonard,Nash,Male,23,Scotland,Blue Collar,26-May,57918.09
300000685,Caroline,Ross,Female,42,Wales,Blue Collar,26-May,30630.24
300000686,Stephen,Taylor,Male,34,Wales,Blue Collar,26-May,84898.38
300000687,Tim,Vance,Male,36,Wales,Other,26-May,401.13
300000688,Wendy,Piper,Female,33,Wales,White Collar,26-May,35636.26
300000689,Warren,Ferguson,Male,33,Wales,White Collar,26-May,31308.46
400000690,Bernadette,Duncan,Female,42,Northern Ireland,Other,26-May,96028.9
400000691,Jacob,Clarkson,Male,18,Northern Ireland,White Collar,26-May,38879.77
400000692,Hannah,Hudson,Female,34,Northern Ireland,Other,26-May,121806.79
100000693,Kevin,Glover,Male,32,England,White Collar,27-May,10926.7
100000694,Michael,Cameron,Male,29,England,White Collar,27-May,20969.32
100000695,Penelope,Forsyth,Female,45,England,White Collar,27-May,79000.32
200000696,Benjamin,James,Male,44,Scotland,Other,27-May,30742.33
200000697,Paul,Wright,Male,45,Scotland,Other,27-May,74230.68
200000698,Jacob,Sharp,Male,45,Scotland,Blue Collar,27-May,53086.19
200000699,Jason,Cameron,Male,60,Scotland,Other,27-May,49081.5
200000700,Sam,Ball,Male,58,Scotland,Blue Collar,27-May,61365.17
200000701,Joshua,Wilson,Male,48,Scotland,Other,27-May,17261.5
300000702,Diane,Underwood,Female,31,Wales,White Collar,27-May,56873.89
300000703,Diana,Hodges,Female,34,Wales,White Collar,27-May,24796.57
300000704,Bernadette,Cornish,Female,40,Wales,White Collar,27-May,22691.31
300000705,Joshua,Coleman,Male,34,Wales,White Collar,27-May,20385.54
400000706,Samantha,Mills,Female,28,Northern Ireland,White Collar,27-May,34535.68
100000707,David,Graham,Male,29,England,White Collar,28-May,74862.98
100000708,Jan,Roberts,Female,32,England,White Collar,28-May,76517.17
100000709,Angela,Lawrence,Female,38,England,White Collar,28-May,18169.19
100000710,Julia,Harris,Female,39,England,White Collar,28-May,52102.28
200000711,Kylie,Skinner,Female,53,Scotland,Other,28-May,82160.5
200000712,Gordon,Simpson,Male,54,Scotland,Blue Collar,28-May,87050.11
200000713,Liam,Greene,Male,54,Scotland,Blue Collar,28-May,55163.34
200000714,Ian,Manning,Male,45,Scotland,Other,28-May,15444.28
200000715,Sebastian,Mackenzie,Male,56,Scotland,Blue Collar,28-May,20747.04
200000716,Theresa,Fraser,Female,59,Scotland,White Collar,28-May,44129.74
300000717,Anne,Allan,Female,30,Wales,White Collar,28-May,16103.61
300000718,Colin,Hill,Male,32,Wales,White Collar,28-May,37564.21
300000719,Sebastian,North,Male,32,Wales,White Collar,28-May,88416.84
400000720,William,Grant,Male,26,Northern Ireland,White Collar,28-May,988.73
400000721,James,Dowd,Male,33,Northern Ireland,White Collar,28-May,93525.03
100000722,Katherine,Paterson,Female,36,England,White Collar,29-May,51542.67
100000723,Justin,Campbell,Male,43,England,White Collar,29-May,39923.4
100000724,Una,Blake,Female,41,England,White Collar,29-May,3786.28
200000725,Kevin,Hudson,Male,59,Scotland,Blue Collar,29-May,25916.21
200000726,Peter,Chapman,Male,43,Scotland,Other,29-May,2362.16
200000727,Steven,Jackson,Male,53,Scotland,Other,29-May,44740.65
200000728,John,Buckland,Male,63,Scotland,Other,29-May,23026.64
300000729,James,Quinn,Male,34,Wales,Blue Collar,29-May,61450.2
300000730,Nicola,Howard,Female,33,Wales,White Collar,29-May,83889.98
300000731,Warren,Ince,Male,31,Wales,White Collar,29-May,63986.32
300000732,Joshua,MacLeod,Male,40,Wales,Blue Collar,29-May,19438.99
300000733,Peter,Henderson,Male,47,Wales,Blue Collar,29-May,8395.45
300000734,Sarah,Murray,Female,45,Wales,White Collar,29-May,16542.71
300000735,John,Anderson,Male,28,Wales,Other,29-May,18064.46
300000736,Anne,Butler,Female,33,Wales,Blue Collar,29-May,33670.19
400000737,Katherine,Clark,Female,38,Northern Ireland,Other,29-May,41266.87
400000738,Natalie,Tucker,Female,20,Northern Ireland,Other,29-May,25398.03
400000739,Yvonne,Bower,Female,31,Northern Ireland,Other,29-May,34515.67
400000740,Michael,Hamilton,Male,29,Northern Ireland,Blue Collar,29-May,56838.19
400000741,Fiona,Rees,Female,38,Northern Ireland,Other,29-May,7828.3
100000742,Brandon,Churchill,Male,34,England,White Collar,30-May,44552.66
100000743,Jan,Underwood,Female,47,England,Other,30-May,83088.67
100000744,Ruth,Ince,Female,38,England,White Collar,30-May,15989.89
100000745,Victor,Wilson,Male,46,England,White Collar,30-May,47074.94
100000746,Ava,Gibson,Female,34,England,Other,30-May,46037.55
200000747,Peter,Gibson,Male,47,Scotland,Blue Collar,30-May,6187.55
200000748,Lucas,Graham,Male,51,Scotland,Blue Collar,30-May,17188.7
200000749,Anthony,Quinn,Male,36,Scotland,Blue Collar,30-May,16694.22
200000750,Anthony,Mackenzie,Male,43,Scotland,Other,30-May,12188.75
200000751,Brian,Bond,Male,22,Scotland,Blue Collar,30-May,837.33
300000752,Melanie,Buckland,Female,35,Wales,White Collar,30-May,45887.56
300000753,David,Mills,Male,34,Wales,Other,30-May,35449.82
400000754,Emily,Clarkson,Female,25,Northern Ireland,Other,30-May,16380.24
400000755,Angela,Oliver,Female,19,Northern Ireland,Other,30-May,4733.29
400000756,Joanne,May,Female,37,Northern Ireland,Other,30-May,81504.12
400000757,Joanne,King,Female,45,Northern Ireland,Other,30-May,9490.02
400000758,Julia,McDonald,Female,26,Northern Ireland,White Collar,30-May,9406.12
400000759,Neil,James,Male,37,Northern Ireland,White Collar,30-May,47245.76
100000760,Keith,Walker,Male,40,England,White Collar,31-May,919.39
100000761,Wendy,Hardacre,Female,38,England,White Collar,31-May,23848.8
200000762,Andrea,Robertson,Female,52,Scotland,Other,31-May,44756.41
200000763,William,Lyman,Male,46,Scotland,White Collar,31-May,46084.51
200000764,Carl,Arnold,Male,48,Scotland,Other,31-May,137330.94
200000765,Paul,Baker,Male,44,Scotland,Blue Collar,31-May,5784.28
200000766,Keith,Ross,Male,45,Scotland,Blue Collar,31-May,85726.19
300000767,Chloe,Bond,Female,34,Wales,White Collar,31-May,106555.59
300000768,Tracey,Clark,Female,39,Wales,Other,31-May,747.35
400000769,Jason,Walker,Male,24,Northern Ireland,White Collar,31-May,78004.29
400000770,Bella,Vaughan,Female,22,Northern Ireland,White Collar,31-May,58585.68
100000771,Joe,Short,Male,44,England,White Collar,1-Jun,15861
100000772,Alexander,Anderson,Male,32,England,White Collar,1-Jun,97377.64
100000773,Austin,Lee,Male,45,England,Other,1-Jun,53554.5
200000774,Blake,Vance,Male,34,Scotland,Blue Collar,1-Jun,9347.83
200000775,Warren,Roberts,Male,37,Scotland,Blue Collar,1-Jun,69.01
300000776,Connor,Nolan,Male,32,Wales,Other,1-Jun,62131.4
300000777,Jasmine,Lee,Female,22,Wales,White Collar,1-Jun,47414.52
300000778,Christopher,McGrath,Male,28,Wales,Blue Collar,1-Jun,2511.02
300000779,Deirdre,Parsons,Female,36,Wales,White Collar,1-Jun,39797.91
400000780,Victor,Quinn,Male,31,Northern Ireland,Blue Collar,1-Jun,96409.06
100000781,Sonia,Welch,Female,32,England,Other,2-Jun,74530.06
100000782,Penelope,Rampling,Female,31,England,White Collar,2-Jun,12994.54
100000783,Christopher,Davies,Male,48,England,White Collar,2-Jun,9344.48
200000784,Dominic,Hart,Male,47,Scotland,Blue Collar,2-Jun,24930.12
200000785,Joshua,Henderson,Male,53,Scotland,White Collar,2-Jun,25554.52
300000786,Bernadette,Jackson,Female,36,Wales,Blue Collar,2-Jun,65364.64
300000787,Neil,Sanderson,Male,38,Wales,Blue Collar,2-Jun,69471.06
100000788,Kylie,Lawrence,Female,47,England,White Collar,3-Jun,39175.76
100000789,Brian,Thomson,Male,22,England,White Collar,3-Jun,3932.55
100000790,Sonia,Hughes,Female,51,England,White Collar,3-Jun,10872.02
200000791,Pippa,Walsh,Female,45,Scotland,White Collar,3-Jun,56216.25
200000792,Victor,Mathis,Male,55,Scotland,Blue Collar,3-Jun,8441.89
200000793,Charles,McDonald,Male,47,Scotland,Other,3-Jun,17538.34
300000794,Cameron,Alsop,Male,41,Wales,White Collar,3-Jun,132675.53
400000795,Amanda,King,Female,31,Northern Ireland,Other,3-Jun,18645.55
100000796,Tracey,Ogden,Female,28,England,White Collar,4-Jun,34796.83
100000797,Penelope,Mackenzie,Female,29,England,Blue Collar,4-Jun,33338.42
100000798,Karen,Tucker,Female,27,England,Other,4-Jun,8680.37
200000799,Leonard,Ogden,Male,45,Scotland,Blue Collar,4-Jun,62071.23
200000800,Nathan,Vaughan,Male,39,Scotland,Blue Collar,4-Jun,27582.12
200000801,Karen,MacDonald,Female,53,Scotland,White Collar,4-Jun,35865.54
200000802,Eric,Slater,Male,54,Scotland,Other,4-Jun,8844.87
200000803,Jason,Clark,Male,49,Scotland,Blue Collar,4-Jun,56825.53
200000804,Yvonne,Burgess,Female,46,Scotland,White Collar,4-Jun,34711.98
200000805,John,Cameron,Male,52,Scotland,Other,4-Jun,17953.05
100000806,Fiona,Allan,Female,39,England,White Collar,5-Jun,26507.93
100000807,Gordon,May,Male,39,England,White Collar,5-Jun,68856.42
100000808,Steven,Davidson,Male,41,England,White Collar,5-Jun,37768.87
100000809,Dylan,Mathis,Male,29,England,White Collar,5-Jun,9644.68
200000810,Felicity,Wilkins,Female,48,Scotland,Other,5-Jun,58229.1
200000811,Sonia,Peters,Female,52,Scotland,Other,5-Jun,45693.28
300000812,Natalie,Wallace,Female,23,Wales,White Collar,5-Jun,46151.71
300000813,Diane,Piper,Female,33,Wales,White Collar,5-Jun,91205.06
300000814,James,Newman,Male,33,Wales,Other,5-Jun,1657.46
300000815,Pippa,Robertson,Female,29,Wales,White Collar,5-Jun,15006.48
100000816,Cameron,Chapman,Male,45,England,White Collar,6-Jun,14279.24
100000817,Melanie,Ogden,Female,34,England,White Collar,6-Jun,84823.05
100000818,Tracey,Sharp,Female,47,England,White Collar,6-Jun,15879.06
200000819,Katherine,Grant,Female,55,Scotland,Other,6-Jun,9885.69
200000820,Lucas,Walsh,Male,52,Scotland,Blue Collar,6-Jun,19187.18
200000821,Charles,Underwood,Male,53,Scotland,Blue Collar,6-Jun,42226.31
300000822,Leonard,Fisher,Male,34,Wales,Blue Collar,6-Jun,29527.41
100000823,Trevor,Tucker,Male,36,England,Blue Collar,7-Jun,61120.3
100000824,Heather,Davies,Female,34,England,White Collar,7-Jun,22808.73
100000825,Jason,Berry,Male,33,England,Other,7-Jun,27818.08
100000826,Sean,Burgess,Male,35,England,White Collar,7-Jun,36442.3
100000827,Amy,Buckland,Female,31,England,White Collar,7-Jun,71026.81
200000828,Christopher,Langdon,Male,45,Scotland,Other,7-Jun,13683.26
400000829,Lillian,Hemmings,Female,29,Northern Ireland,Other,7-Jun,57983.8
400000830,Trevor,Mitchell,Male,21,Northern Ireland,White Collar,7-Jun,27022.94
100000831,Steven,Morrison,Male,37,England,White Collar,8-Jun,17556.02
100000832,David,Turner,Male,36,England,White Collar,8-Jun,65227.05
200000833,Benjamin,King,Male,54,Scotland,Blue Collar,8-Jun,30687.34
200000834,Sebastian,Morgan,Male,42,Scotland,Other,8-Jun,62472.65
100000835,Leonard,Gibson,Male,40,England,White Collar,9-Jun,38087.63
100000836,Bella,Metcalfe,Female,35,England,White Collar,9-Jun,48766.55
400000837,Sean,Rampling,Male,29,Northern Ireland,White Collar,9-Jun,57397.59
100000838,Felicity,MacLeod,Female,25,England,White Collar,10-Jun,130797.71
100000839,Nathan,Kerr,Male,44,England,White Collar,10-Jun,55484.77
100000840,Gavin,Forsyth,Male,32,England,White Collar,10-Jun,27236.35
100000841,Donna,Davidson,Female,42,England,Other,10-Jun,1081.38
200000842,Matt,Manning,Male,64,Scotland,Blue Collar,10-Jun,3775.44
200000843,Adam,Gibson,Male,49,Scotland,Blue Collar,10-Jun,56695.35
200000844,Sarah,Blake,Female,35,Scotland,Other,10-Jun,22134.94
300000845,Christopher,Ogden,Male,45,Wales,Blue Collar,10-Jun,70114.57
100000846,Felicity,Butler,Female,46,England,Blue Collar,11-Jun,20515.25
100000847,Virginia,Newman,Female,29,England,White Collar,11-Jun,31495.71
100000848,Tim,Hamilton,Male,27,England,White Collar,11-Jun,78010.57
100000849,Lily,Gill,Female,25,England,White Collar,11-Jun,2703.33
100000850,Austin,Chapman,Male,36,England,Blue Collar,11-Jun,44399.73
100000851,Victor,Clark,Male,32,England,White Collar,11-Jun,19378.62
300000852,Kevin,Parsons,Male,53,Wales,White Collar,11-Jun,22477.05
100000853,Claire,Hudson,Female,36,England,White Collar,12-Jun,15461.71
100000854,Carl,Clark,Male,42,England,White Collar,12-Jun,40303.71
200000855,John,Campbell,Male,40,Scotland,Blue Collar,12-Jun,10718.8
200000856,William,McLean,Male,41,Scotland,Blue Collar,12-Jun,67100.09
300000857,Sophie,Ince,Female,25,Wales,Blue Collar,12-Jun,15700.14
100000858,Simon,Baker,Male,45,England,Blue Collar,13-Jun,12326.19
100000859,Amy,Glover,Female,33,England,White Collar,13-Jun,20019.58
100000860,Rebecca,Ross,Female,38,England,White Collar,13-Jun,9100.32
100000861,Sally,Graham,Female,47,England,Blue Collar,13-Jun,9098.32
100000862,Jack,Young,Male,31,England,Other,13-Jun,20938.59
200000863,Theresa,Quinn,Female,42,Scotland,Other,13-Jun,82725.38
200000864,Harry,Hardacre,Male,58,Scotland,Blue Collar,13-Jun,36743
200000865,Kimberly,Cornish,Female,43,Scotland,Other,13-Jun,57420.82
200000866,James,Gibson,Male,56,Scotland,Blue Collar,13-Jun,31933.56
100000867,Evan,Abraham,Male,38,England,White Collar,14-Jun,4562.77
100000868,Nicola,Walsh,Female,44,England,White Collar,14-Jun,19645.17
100000869,Justin,Chapman,Male,34,England,White Collar,14-Jun,22571.15
100000870,Max,Rees,Male,38,England,White Collar,14-Jun,19703.37
100000871,Joshua,Kelly,Male,40,England,White Collar,14-Jun,79434.98
100000872,Sally,MacDonald,Female,46,England,White Collar,14-Jun,20383.64
100000873,Chloe,McDonald,Female,30,England,White Collar,14-Jun,35243.71
100000874,Julia,Alsop,Female,34,England,White Collar,14-Jun,10218.7
100000875,Jason,MacLeod,Male,47,England,White Collar,14-Jun,69979.67
100000876,Tracey,Pullman,Female,35,England,White Collar,14-Jun,26731.12
100000877,Megan,Reid,Female,34,England,White Collar,14-Jun,76181.33
100000878,Felicity,Metcalfe,Female,22,England,White Collar,15-Jun,31498.96
100000879,Ryan,Russell,Male,31,England,White Collar,15-Jun,38820.41
100000880,Rachel,Springer,Female,31,England,Blue Collar,15-Jun,20304.1
100000881,Joan,Nash,Female,38,England,Blue Collar,15-Jun,40515.6
100000882,Piers,Simpson,Male,23,England,White Collar,15-Jun,13049.38
100000883,Sarah,Skinner,Female,42,England,White Collar,15-Jun,38638.28
100000884,Lisa,Turner,Female,24,England,White Collar,15-Jun,38243.22
100000885,Vanessa,Manning,Female,45,England,White Collar,15-Jun,29123.62
200000886,Joe,Baker,Male,54,Scotland,Blue Collar,15-Jun,55672.22
200000887,Jan,Robertson,Female,38,Scotland,Other,15-Jun,18241.98
300000888,Pippa,Gray,Female,26,Wales,White Collar,15-Jun,54186.89
100000889,Stephen,Bailey,Male,37,England,White Collar,16-Jun,44096.51
100000890,Piers,Peake,Male,26,England,Blue Collar,16-Jun,70346.54
100000891,Alexandra,Mathis,Female,32,England,Other,16-Jun,48355
100000892,Christopher,Anderson,Male,27,England,White Collar,16-Jun,37191.94
100000893,Donna,Butler,Female,41,England,White Collar,16-Jun,12212.85
100000894,Faith,Buckland,Female,39,England,Other,16-Jun,46957.62
100000895,Hannah,Terry,Female,33,England,White Collar,16-Jun,20359.61
200000896,Paul,Allan,Male,59,Scotland,Blue Collar,16-Jun,21784.09
200000897,Boris,Nash,Male,49,Scotland,Blue Collar,16-Jun,66375.91
100000898,Samantha,Ross,Female,47,England,White Collar,17-Jun,24797.11
100000899,Amelia,Parsons,Female,40,England,Blue Collar,17-Jun,27635.28
100000900,Fiona,Miller,Female,34,England,White Collar,17-Jun,17308.75
100000901,Rose,Butler,Female,38,England,White Collar,17-Jun,95477.25
100000902,Jake,White,Male,37,England,White Collar,17-Jun,46682.59
200000903,Jake,Peters,Male,43,Scotland,Other,17-Jun,21136.88
200000904,Ryan,Gray,Male,52,Scotland,Blue Collar,17-Jun,51689.74
300000905,Amy,Morgan,Female,29,Wales,Other,17-Jun,16037.16
100000906,Caroline,Robertson,Female,31,England,White Collar,18-Jun,24602.08
100000907,Edward,Chapman,Male,47,England,White Collar,18-Jun,71446.54
100000908,Christopher,Peake,Male,31,England,White Collar,18-Jun,35693.86
200000909,Melanie,Hunter,Female,44,Scotland,Other,18-Jun,96860.93
200000910,Owen,Henderson,Male,43,Scotland,Blue Collar,18-Jun,30323.97
200000911,Julian,Hunter,Male,48,Scotland,Other,18-Jun,1341.31
200000912,Brian,Bower,Male,56,Scotland,Other,18-Jun,40922.28
300000913,Dan,Robertson,Male,39,Wales,Blue Collar,18-Jun,54165.92
400000914,Anna,Randall,Female,25,Northern Ireland,Blue Collar,18-Jun,149698.12
400000915,Melanie,Hemmings,Female,26,Northern Ireland,Other,18-Jun,54272.56
400000916,Matt,Grant,Male,35,Northern Ireland,White Collar,18-Jun,93787.01
100000917,Andrea,Newman,Female,34,England,Other,19-Jun,57387.06
100000918,Deirdre,Nolan,Female,24,England,White Collar,19-Jun,41988.65
100000919,Natalie,Duncan,Female,28,England,White Collar,19-Jun,73859.27
100000920,Steven,Hill,Male,23,England,Other,19-Jun,50104.04
100000921,William,Gibson,Male,43,England,White Collar,19-Jun,29188.4
100000922,Sally,Glover,Female,30,England,White Collar,19-Jun,73490.09
100000923,Andrea,Henderson,Female,40,England,White Collar,19-Jun,62886.29
200000924,Gabrielle,Blake,Female,60,Scotland,Other,19-Jun,66713
100000925,Andrew,Bell,Male,34,England,White Collar,20-Jun,7729.88
100000926,Dan,Johnston,Male,49,England,White Collar,20-Jun,60180.76
100000927,Victoria,Wilson,Female,37,England,White Collar,20-Jun,87912.9
100000928,Stephen,Glover,Male,30,England,White Collar,20-Jun,21157.3
100000929,Fiona,Wright,Female,35,England,White Collar,20-Jun,22932.94
100000930,Amelia,Hughes,Female,35,England,White Collar,20-Jun,21314.68
100000931,Maria,Lawrence,Female,42,England,White Collar,20-Jun,22298.93
100000932,Abigail,Ferguson,Female,30,England,White Collar,20-Jun,14184.7
100000933,Gavin,Harris,Male,32,England,Blue Collar,20-Jun,23899.56
100000934,Heather,Abraham,Female,35,England,White Collar,20-Jun,14360.43
100000935,Felicity,Miller,Female,32,England,Other,20-Jun,42248.4
100000936,Alexandra,Henderson,Female,36,England,White Collar,20-Jun,9406.07
100000937,Karen,White,Female,28,England,Blue Collar,20-Jun,6921.74
200000938,Trevor,Harris,Male,52,Scotland,Blue Collar,20-Jun,29715
200000939,Alan,Dyer,Male,42,Scotland,Other,20-Jun,65530.32
200000940,Victor,Sutherland,Male,58,Scotland,Blue Collar,20-Jun,27878.55
200000941,Benjamin,Manning,Male,48,Scotland,Blue Collar,20-Jun,4941.65
200000942,Richard,Roberts,Male,40,Scotland,White Collar,20-Jun,32790.32
200000943,Caroline,Walker,Female,47,Scotland,Other,20-Jun,29481.76
200000944,Paul,Lyman,Male,47,Scotland,Other,20-Jun,15090.98
200000945,Eric,Payne,Male,62,Scotland,Blue Collar,20-Jun,29719.47
200000946,Matt,Gibson,Male,53,Scotland,Blue Collar,20-Jun,15668.02
200000947,Katherine,Ball,Female,56,Scotland,Other,20-Jun,105138.65
200000948,Zoe,Reid,Female,53,Scotland,White Collar,20-Jun,45663.95
200000949,Dylan,Ellison,Male,50,Scotland,Other,20-Jun,2347.34
200000950,Adrian,Dowd,Male,55,Scotland,Blue Collar,20-Jun,12231.08
300000951,Sean,Nash,Male,36,Wales,Blue Collar,20-Jun,56653.07
300000952,Heather,Jones,Female,40,Wales,White Collar,20-Jun,24435.72
300000953,Paul,Robertson,Male,41,Wales,Blue Collar,20-Jun,77995.62
300000954,Richard,Parsons,Male,33,Wales,White Collar,20-Jun,49775.7
400000955,Joseph,Greene,Male,41,Northern Ireland,White Collar,20-Jun,53685.06
400000956,Amelia,Bower,Female,22,Northern Ireland,White Collar,20-Jun,22515.19
100000957,Frank,Knox,Male,38,England,Other,21-Jun,80709.15
100000958,Justin,Johnston,Male,33,England,White Collar,21-Jun,60205.51
100000959,Jessica,McGrath,Female,26,England,Blue Collar,21-Jun,23694.9
100000960,Abigail,Allan,Female,36,England,White Collar,21-Jun,31644.37
200000961,Una,Short,Female,49,Scotland,Other,21-Jun,26688.85
200000962,Joe,Murray,Male,50,Scotland,Blue Collar,21-Jun,38577.66
200000963,Ian,Coleman,Male,56,Scotland,Other,21-Jun,54809.65
200000964,Andrea,MacDonald,Female,59,Scotland,Blue Collar,21-Jun,29417.52
200000965,Julian,Anderson,Male,52,Scotland,Blue Collar,21-Jun,30981.38
300000966,Lauren,Bond,Female,38,Wales,Blue Collar,21-Jun,23669.58
300000967,Victoria,Morrison,Female,42,Wales,White Collar,21-Jun,61134.99
100000968,Edward,Martin,Male,38,England,White Collar,22-Jun,21138.46
100000969,Sophie,Parsons,Female,21,England,White Collar,22-Jun,89067.87
100000970,Abigail,Oliver,Female,32,England,White Collar,22-Jun,20852.18
100000971,Peter,Young,Male,23,England,White Collar,22-Jun,28959.8
100000972,Liam,Forsyth,Male,32,England,White Collar,23-Jun,85709.46
100000973,Julia,Avery,Female,25,England,Other,23-Jun,86275.31
200000974,Richard,North,Male,58,Scotland,Other,23-Jun,11596.34
200000975,Anthony,Mackenzie,Male,43,Scotland,Blue Collar,23-Jun,74155.05
200000976,Wanda,Clark,Female,61,Scotland,Other,23-Jun,75200.68
200000977,Jennifer,Blake,Female,43,Scotland,Other,23-Jun,27580.15
300000978,Jessica,Wallace,Female,45,Wales,White Collar,23-Jun,17753.01
300000979,Trevor,Hunter,Male,28,Wales,White Collar,23-Jun,28240.06
100000980,William,Hart,Male,19,England,White Collar,24-Jun,65493.89
100000981,Victoria,Ince,Female,31,England,Other,24-Jun,74414.09
100000982,Deirdre,Avery,Female,34,England,White Collar,24-Jun,107641.39
200000983,Jessica,Rutherford,Female,37,Scotland,Other,24-Jun,42322.58
200000984,Lauren,Ince,Female,57,Scotland,Other,24-Jun,64620.15
200000985,Peter,MacLeod,Male,56,Scotland,Blue Collar,24-Jun,48707.14
200000986,Victor,Thomson,Male,56,Scotland,Blue Collar,24-Jun,27458.53
200000987,Dylan,Bond,Male,42,Scotland,Blue Collar,24-Jun,7562.83
400000988,Hannah,Hardacre,Female,39,Northern Ireland,White Collar,24-Jun,107680.1
100000989,Michelle,McLean,Female,34,England,Other,25-Jun,40542.83
100000990,Andrew,Manning,Male,43,England,Blue Collar,25-Jun,80880.83
100000991,Benjamin,Welch,Male,33,England,White Collar,25-Jun,3226.71
200000992,Paul,Taylor,Male,43,Scotland,Blue Collar,25-Jun,68551.15
300000993,Gordon,Grant,Male,33,Wales,Blue Collar,25-Jun,77870.46
300000994,Dominic,Dickens,Male,35,Wales,Blue Collar,25-Jun,56611.75
100000995,Felicity,Anderson,Female,29,England,Other,26-Jun,81080.08
100000996,Paul,Bower,Male,34,England,White Collar,26-Jun,40109.99
100000997,Grace,Edmunds,Female,44,England,White Collar,26-Jun,74948.24
100000998,Michael,Allan,Male,36,England,Other,26-Jun,82776.89
200000999,Kevin,Dickens,Male,60,Scotland,Other,26-Jun,34597.56
400001000,Lisa,Thomson,Female,29,Northern Ireland,Other,26-Jun,4406.82
400001001,Grace,Duncan,Female,31,Northern Ireland,Other,26-Jun,32162.34
100001002,Cameron,Smith,Male,29,England,White Collar,27-Jun,18808.61
100001003,Amy,Howard,Female,32,England,Blue Collar,27-Jun,12013.82
100001004,Luke,Lewis,Male,21,England,White Collar,27-Jun,40886.21
100001005,Chloe,Jones,Female,38,England,White Collar,27-Jun,49490.42
100001006,Lauren,Martin,Female,27,England,Blue Collar,27-Jun,51197.28
100001007,Robert,Lyman,Male,47,England,Blue Collar,27-Jun,8610.86
300001008,Justin,Carr,Male,33,Wales,Blue Collar,27-Jun,12567.26
300001009,Brian,North,Male,31,Wales,Blue Collar,27-Jun,28265.93
300001010,Leah,Ogden,Female,36,Wales,Other,27-Jun,44515.4
100001011,Colin,Sharp,Male,39,England,White Collar,28-Jun,20461.13
100001012,Paul,Marshall,Male,37,England,Blue Collar,28-Jun,22457.9
100001013,Eric,Glover,Male,38,England,White Collar,28-Jun,25807.24
100001014,Jacob,Hemmings,Male,41,England,White Collar,28-Jun,75878.51
100001015,Nicholas,Poole,Male,24,England,White Collar,28-Jun,5880.85
100001016,Joan,Davidson,Female,37,England,White Collar,28-Jun,30894.09
100001017,Ella,Hill,Female,33,England,White Collar,28-Jun,88647.1
100001018,Una,Mills,Female,32,England,White Collar,28-Jun,55945.74
200001019,Lucas,Glover,Male,60,Scotland,Blue Collar,28-Jun,67510.19
200001020,Carol,Lee,Female,55,Scotland,Other,28-Jun,29753.91
200001021,Vanessa,Bond,Female,57,Scotland,Blue Collar,28-Jun,55886.74
400001022,Jason,Bower,Male,38,Northern Ireland,White Collar,28-Jun,76999.31
100001023,Joe,Campbell,Male,42,England,White Collar,29-Jun,61354.78
100001024,Paul,Hemmings,Male,36,England,Blue Collar,29-Jun,9352.12
100001025,Emma,Arnold,Female,40,England,White Collar,29-Jun,55409.56
100001026,Fiona,Parr,Female,25,England,White Collar,29-Jun,22598.74
100001027,Jessica,MacLeod,Female,33,England,Other,29-Jun,49665.09
100001028,Christopher,Sutherland,Male,46,England,White Collar,29-Jun,79398.91
100001029,Lily,North,Female,38,England,White Collar,29-Jun,24834.61
200001030,Peter,Avery,Male,58,Scotland,Other,29-Jun,41285.8
200001031,Tracey,Ferguson,Female,48,Scotland,Other,29-Jun,6104.59
200001032,Blake,Pullman,Male,41,Scotland,Blue Collar,29-Jun,64766.09
300001033,Joan,Gibson,Female,46,Wales,White Collar,29-Jun,55535.23
300001034,Julian,Carr,Male,35,Wales,Blue Collar,29-Jun,134324.66
400001035,Amelia,Jones,Female,27,Northern Ireland,Blue Collar,29-Jun,48456.97
100001036,Claire,Metcalfe,Female,40,England,White Collar,30-Jun,2619.62
100001037,Tim,Walker,Male,41,England,Other,30-Jun,61602.73
100001038,Connor,Dickens,Male,37,England,White Collar,30-Jun,22058.44
100001039,Stephanie,Ince,Female,31,England,White Collar,30-Jun,24845.43
100001040,William,Bond,Male,28,England,White Collar,30-Jun,42331.5
100001041,Connor,May,Male,41,England,White Collar,30-Jun,43488.59
200001042,Trevor,Campbell,Male,45,Scotland,Blue Collar,30-Jun,11565.04
200001043,Steven,Newman,Male,49,Scotland,Blue Collar,30-Jun,1096.36
200001044,Stephen,Mathis,Male,52,Scotland,Other,30-Jun,4793.55
200001045,Deirdre,James,Female,51,Scotland,Other,30-Jun,11909.63
200001046,Dylan,Alsop,Male,47,Scotland,Blue Collar,30-Jun,56257.26
300001047,Amy,Mathis,Female,33,Wales,Other,30-Jun,18469.94
300001048,Oliver,Butler,Male,38,Wales,White Collar,30-Jun,48959.81
100001049,Emma,Oliver,Female,30,England,White Collar,1-Jul,51090.19
100001050,Eric,MacLeod,Male,30,England,White Collar,1-Jul,26412.29
100001051,Jacob,Bell,Male,47,England,White Collar,1-Jul,14703.33
200001052,Evan,Davidson,Male,48,Scotland,Blue Collar,1-Jul,73268.73
200001053,Alan,Ogden,Male,38,Scotland,Blue Collar,1-Jul,26844.18
100001054,Nicholas,Churchill,Male,43,England,White Collar,2-Jul,35417.02
100001055,Kimberly,Mitchell,Female,40,England,White Collar,2-Jul,17546.36
100001056,Keith,McDonald,Male,36,England,White Collar,2-Jul,53344.6
100001057,Diana,Ross,Female,26,England,Other,2-Jul,10054.71
100001058,Julia,Mackay,Female,36,England,White Collar,2-Jul,49717.13
200001059,Jan,Hamilton,Female,51,Scotland,Blue Collar,2-Jul,7573.67
200001060,Julia,Mathis,Female,46,Scotland,Other,2-Jul,32324.22
200001061,Joshua,Kerr,Male,49,Scotland,Other,2-Jul,69791.57
200001062,Dan,Alsop,Male,54,Scotland,Other,2-Jul,16280.16
300001063,Dorothy,Vaughan,Female,37,Wales,White Collar,2-Jul,34072.27
300001064,Austin,Vance,Male,42,Wales,Other,2-Jul,11609.33
100001065,Joan,Mills,Female,30,England,White Collar,3-Jul,44599.53
100001066,Michael,MacDonald,Male,51,England,White Collar,3-Jul,41266.34
100001067,Faith,Vance,Female,28,England,Blue Collar,3-Jul,28581.78
100001068,Donna,Pullman,Female,35,England,Blue Collar,3-Jul,15477.05
200001069,Benjamin,Hemmings,Male,57,Scotland,Blue Collar,3-Jul,60086.6
200001070,John,Duncan,Male,62,Scotland,Blue Collar,3-Jul,55526.53
200001071,Sebastian,Lambert,Male,51,Scotland,White Collar,3-Jul,41097.46
400001072,Diane,Short,Female,39,Northern Ireland,Other,3-Jul,84480.9
100001073,Harry,May,Male,37,England,White Collar,4-Jul,14866.88
100001074,Jack,Metcalfe,Male,37,England,White Collar,4-Jul,50527.47
100001075,Anne,Nolan,Female,27,England,Blue Collar,4-Jul,27565.54
100001076,Edward,Gill,Male,32,England,Blue Collar,4-Jul,78712.11
200001077,Alexander,Hardacre,Male,48,Scotland,Other,4-Jul,40487.71
200001078,Isaac,Arnold,Male,47,Scotland,Blue Collar,4-Jul,59432.06
300001079,Phil,Hudson,Male,36,Wales,Blue Collar,4-Jul,6467.89
300001080,Adam,Ince,Male,44,Wales,Blue Collar,4-Jul,37449.47
300001081,Irene,Ferguson,Female,38,Wales,White Collar,4-Jul,15926.91
400001082,Lisa,Nolan,Female,32,Northern Ireland,Other,4-Jul,20451.86
100001083,Katherine,Gill,Female,41,England,White Collar,5-Jul,81089.55
100001084,Molly,Wallace,Female,44,England,White Collar,5-Jul,5032.09
100001085,Anne,Kerr,Female,41,England,White Collar,5-Jul,40523.18
200001086,Luke,Scott,Male,47,Scotland,Blue Collar,5-Jul,1948.26
200001087,Virginia,Greene,Female,59,Scotland,Other,5-Jul,44326.6
200001088,Blake,Peters,Male,43,Scotland,Blue Collar,5-Jul,16457.71
100001089,Robert,Howard,Male,36,England,Other,6-Jul,22756.57
100001090,Brian,Metcalfe,Male,25,England,Other,6-Jul,44277.62
100001091,Julia,Greene,Female,45,England,White Collar,6-Jul,57797.68
100001092,Alexandra,Gill,Female,35,England,White Collar,6-Jul,1827.85
100001093,Robert,Rampling,Male,31,England,White Collar,6-Jul,71267.85
100001094,Amanda,Berry,Female,30,England,Other,6-Jul,2730.89
100001095,Pippa,Nash,Female,45,England,Other,6-Jul,9976.92
100001096,Rebecca,Bell,Female,35,England,Blue Collar,6-Jul,6083.13
100001097,Adam,Vance,Male,36,England,Other,6-Jul,88451.81
100001098,Chloe,Martin,Female,24,England,Blue Collar,6-Jul,77514.08
200001099,Anthony,Vance,Male,48,Scotland,White Collar,6-Jul,66005.41
200001100,Alan,North,Male,48,Scotland,Other,6-Jul,77332.09
200001101,Eric,Parr,Male,56,Scotland,Blue Collar,6-Jul,3516.35
200001102,Sam,Murray,Male,60,Scotland,Other,6-Jul,22067.63
200001103,Alan,Howard,Male,42,Scotland,Other,6-Jul,28676.72
300001104,Stephen,Parr,Male,44,Wales,Blue Collar,6-Jul,8365.04
300001105,Ava,Vaughan,Female,33,Wales,Blue Collar,6-Jul,15196.68
100001106,Victoria,Miller,Female,29,England,Blue Collar,7-Jul,55720.37
100001107,Sam,Rutherford,Male,33,England,White Collar,7-Jul,96379.13
100001108,Keith,Rutherford,Male,27,England,White Collar,7-Jul,45374.89
100001109,Natalie,Alsop,Female,33,England,White Collar,7-Jul,36425.21
100001110,Jack,Scott,Male,35,England,White Collar,7-Jul,66122.89
100001111,Angela,Howard,Female,26,England,White Collar,7-Jul,21988.77
100001112,Sonia,Clarkson,Female,33,England,White Collar,7-Jul,84064.01
100001113,Olivia,Rees,Female,42,England,Other,7-Jul,107366.02
100001114,Richard,Hodges,Male,33,England,White Collar,7-Jul,59890
200001115,David,Bower,Male,48,Scotland,Blue Collar,7-Jul,36171.83
200001116,Sam,Sutherland,Male,58,Scotland,Blue Collar,7-Jul,17953.21
200001117,Angela,Scott,Female,42,Scotland,Other,7-Jul,62850.82
200001118,Oliver,Newman,Male,61,Scotland,Other,7-Jul,40989.59
300001119,Sam,Black,Male,35,Wales,Blue Collar,7-Jul,45240.82
300001120,Liam,Nolan,Male,38,Wales,White Collar,7-Jul,24965.41
100001121,Grace,Hemmings,Female,29,England,White Collar,8-Jul,25137.17
100001122,Isaac,Lawrence,Male,39,England,Other,8-Jul,36666.7
100001123,Deirdre,Payne,Female,43,England,White Collar,8-Jul,10959.59
100001124,Owen,Forsyth,Male,35,England,White Collar,8-Jul,114115.93
100001125,Lucas,Thomson,Male,31,England,White Collar,8-Jul,51397.48
100001126,Heather,Ball,Female,49,England,White Collar,8-Jul,68026.14
200001127,Eric,Nolan,Male,33,Scotland,Blue Collar,8-Jul,4403.78
200001128,Benjamin,Walker,Male,46,Scotland,Blue Collar,8-Jul,57005.15
200001129,Ian,Lambert,Male,44,Scotland,White Collar,8-Jul,82950.04
300001130,Joseph,Black,Male,36,Wales,White Collar,8-Jul,55382.31
300001131,Dorothy,Howard,Female,32,Wales,White Collar,8-Jul,38704.52
100001132,Matt,Newman,Male,33,England,White Collar,9-Jul,76301.47
100001133,Anthony,Glover,Male,22,England,White Collar,9-Jul,14282.81
100001134,Julia,Marshall,Female,36,England,White Collar,9-Jul,3108.56
100001135,Karen,Kerr,Female,46,England,White Collar,9-Jul,33779.41
200001136,Sue,Pullman,Female,38,Scotland,Other,9-Jul,102268.43
200001137,Amanda,Bailey,Female,57,Scotland,White Collar,9-Jul,83992.09
200001138,Michelle,Black,Female,46,Scotland,Other,9-Jul,24686.89
300001139,Amelia,Skinner,Female,42,Wales,Other,9-Jul,28516.17
400001140,Richard,Kelly,Male,31,Northern Ireland,White Collar,9-Jul,9482.02
100001141,Owen,Grant,Male,27,England,Other,10-Jul,16613.41
100001142,Joan,Walsh,Female,35,England,White Collar,10-Jul,64757.52
100001143,Madeleine,Sharp,Female,34,England,Other,10-Jul,21997.45
100001144,Gordon,McGrath,Male,43,England,White Collar,10-Jul,55988.59
100001145,Evan,Hill,Male,32,England,Blue Collar,10-Jul,91674.56
200001146,Irene,Davies,Female,46,Scotland,Other,10-Jul,3374.35
200001147,Thomas,Brown,Male,50,Scotland,Blue Collar,10-Jul,67763.97
200001148,Austin,Randall,Male,60,Scotland,Blue Collar,10-Jul,35082.21
200001149,Thomas,Dyer,Male,31,Scotland,Blue Collar,10-Jul,19383.88
200001150,Amy,Graham,Female,60,Scotland,Blue Collar,10-Jul,5916.94
300001151,Caroline,Payne,Female,44,Wales,White Collar,10-Jul,68185.66
100001152,Sean,Ross,Male,41,England,White Collar,11-Jul,80234.49
100001153,Evan,Bond,Male,47,England,White Collar,11-Jul,36493.69
100001154,Carol,Hunter,Female,32,England,White Collar,11-Jul,35888.1
100001155,Robert,Berry,Male,40,England,Blue Collar,11-Jul,62218.34
100001156,Jane,Lewis,Female,45,England,White Collar,11-Jul,27955.59
100001157,Kimberly,Vance,Female,40,England,White Collar,11-Jul,21945.27
100001158,Madeleine,Wilson,Female,35,England,White Collar,11-Jul,21508.14
100001159,Gordon,Hamilton,Male,32,England,White Collar,11-Jul,6471.9
200001160,Cameron,Quinn,Male,41,Scotland,Blue Collar,11-Jul,1684.44
200001161,Lillian,Hudson,Female,49,Scotland,Other,11-Jul,73866.02
200001162,Jacob,Harris,Male,47,Scotland,Blue Collar,11-Jul,62781.64
200001163,Kevin,Bailey,Male,52,Scotland,Blue Collar,11-Jul,23604.06
200001164,Kevin,White,Male,43,Scotland,Blue Collar,11-Jul,19221.27
300001165,Piers,Parsons,Male,35,Wales,White Collar,11-Jul,36572.74
100001166,Boris,Sharp,Male,36,England,White Collar,12-Jul,38836.01
100001167,Robert,Black,Male,35,England,Other,12-Jul,39428.53
100001168,Felicity,Black,Female,55,England,White Collar,12-Jul,22099.59
100001169,Owen,Sharp,Male,34,England,Blue Collar,12-Jul,57497.29
100001170,Bernadette,Henderson,Female,36,England,White Collar,12-Jul,47422.55
100001171,Sean,Manning,Male,41,England,White Collar,12-Jul,41511.86
100001172,Phil,Turner,Male,30,England,Other,12-Jul,3776.11
100001173,Ava,Rampling,Female,32,England,White Collar,12-Jul,70324.5
100001174,Caroline,Terry,Female,33,England,White Collar,12-Jul,68170.2
100001175,Colin,Lewis,Male,35,England,White Collar,12-Jul,18190.48
100001176,Rose,Lewis,Female,32,England,White Collar,12-Jul,13100.46
100001177,Christopher,Bell,Male,28,England,White Collar,12-Jul,94339.78
100001178,Michael,Ogden,Male,22,England,Blue Collar,12-Jul,24599.85
200001179,Charles,Hart,Male,43,Scotland,Other,12-Jul,55959.34
200001180,Joanne,Ogden,Female,51,Scotland,Other,12-Jul,43954.03
200001181,Katherine,Stewart,Female,46,Scotland,Blue Collar,12-Jul,16995.99
200001182,Thomas,Coleman,Male,24,Scotland,Other,12-Jul,43980.94
200001183,Peter,Mackenzie,Male,41,Scotland,Blue Collar,12-Jul,25288.1
300001184,Zoe,Hemmings,Female,44,Wales,White Collar,12-Jul,29607.52
300001185,Ruth,Glover,Female,29,Wales,White Collar,12-Jul,44060.89
300001186,Bernadette,Wilson,Female,26,Wales,White Collar,12-Jul,37830.67
400001187,Alexander,Peake,Male,42,Northern Ireland,White Collar,12-Jul,23979.99
100001188,Zoe,Jackson,Female,34,England,Other,13-Jul,14965.91
100001189,Madeleine,Ross,Female,32,England,Other,13-Jul,76207.19
100001190,Owen,Churchill,Male,26,England,White Collar,13-Jul,14520.25
100001191,Oliver,Burgess,Male,23,England,White Collar,13-Jul,85965.79
100001192,Leah,Jones,Female,28,England,Other,13-Jul,35052.06
100001193,Zoe,Young,Female,22,England,White Collar,13-Jul,28189.39
100001194,Alan,Kerr,Male,18,England,White Collar,13-Jul,56473.51
100001195,Christopher,Walsh,Male,32,England,White Collar,13-Jul,6080.49
100001196,Yvonne,Skinner,Female,37,England,White Collar,13-Jul,2317.41
100001197,Penelope,May,Female,42,England,Blue Collar,13-Jul,25710.04
200001198,Ryan,Murray,Male,55,Scotland,Other,13-Jul,20815.73
200001199,Jake,Ball,Male,48,Scotland,Blue Collar,13-Jul,39352.22
200001200,Ian,Terry,Male,55,Scotland,White Collar,13-Jul,27732.99
200001201,Colin,Simpson,Male,48,Scotland,Other,13-Jul,73399.17
200001202,Jonathan,Dowd,Male,52,Scotland,Blue Collar,13-Jul,93586.64
300001203,Blake,Knox,Male,43,Wales,White Collar,13-Jul,57193.29
300001204,Olivia,Langdon,Female,42,Wales,White Collar,13-Jul,4250.38
300001205,Megan,Welch,Female,42,Wales,White Collar,13-Jul,65123.06
100001206,Gavin,Nash,Male,30,England,Blue Collar,14-Jul,9446.43
100001207,Sebastian,Piper,Male,35,England,Blue Collar,14-Jul,39044.93
100001208,Diane,Sharp,Female,34,England,Other,14-Jul,63083.87
100001209,Keith,Bailey,Male,18,England,Blue Collar,14-Jul,40572.06
100001210,Jack,Piper,Male,30,England,White Collar,14-Jul,19604.57
100001211,Madeleine,Manning,Female,40,England,White Collar,14-Jul,704.83
100001212,Lucas,Pullman,Male,39,England,White Collar,14-Jul,105718.04
100001213,Michael,Russell,Male,33,England,Other,14-Jul,15660.89
200001214,Carolyn,McDonald,Female,58,Scotland,Other,14-Jul,69027.62
200001215,Anthony,Metcalfe,Male,56,Scotland,Blue Collar,14-Jul,3578.96
300001216,Emily,Knox,Female,29,Wales,White Collar,14-Jul,99271.98
300001217,Adam,King,Male,48,Wales,Other,14-Jul,47418.57
300001218,Brian,Payne,Male,42,Wales,Other,14-Jul,8102.48
400001219,Carol,Clarkson,Female,34,Northern Ireland,Other,14-Jul,20742.96
100001220,Julian,Gray,Male,45,England,White Collar,15-Jul,27591.72
100001221,Karen,Knox,Female,18,England,Blue Collar,15-Jul,20389.34
100001222,Rebecca,Kerr,Female,38,England,White Collar,15-Jul,25016.8
100001223,Deirdre,King,Female,31,England,White Collar,15-Jul,4930.82
100001224,Sophie,Avery,Female,28,England,Other,15-Jul,106947.88
100001225,Connor,McLean,Male,34,England,White Collar,15-Jul,919.1
100001226,Michelle,King,Female,32,England,Blue Collar,15-Jul,42968.77
100001227,Sally,Bond,Female,42,England,Blue Collar,15-Jul,10810.61
100001228,Lucas,James,Male,29,England,White Collar,15-Jul,15560.77
200001229,Brian,Gray,Male,47,Scotland,Other,15-Jul,64034.82
200001230,Alan,Dowd,Male,49,Scotland,Blue Collar,15-Jul,36624.84
200001231,Michelle,Powell,Female,43,Scotland,Other,15-Jul,7670.6
200001232,Samantha,Grant,Female,63,Scotland,Blue Collar,15-Jul,28395.48
300001233,Victor,Hill,Male,33,Wales,Other,15-Jul,61390.52
400001234,Olivia,Dyer,Female,17,Northern Ireland,Other,15-Jul,13301.43
100001235,Natalie,Wilson,Female,33,England,White Collar,16-Jul,41722.55
100001236,Ella,Forsyth,Female,42,England,Blue Collar,16-Jul,51786.07
100001237,Matt,Springer,Male,39,England,Blue Collar,16-Jul,91246.45
100001238,Adam,Wilson,Male,34,England,Other,16-Jul,44155.19
100001239,Carolyn,Pullman,Female,24,England,White Collar,16-Jul,27028.23
100001240,Adam,Wallace,Male,34,England,White Collar,16-Jul,59162.23
100001241,Melanie,Dickens,Female,49,England,Blue Collar,16-Jul,36294.12
100001242,Samantha,Vaughan,Female,38,England,White Collar,16-Jul,34385.32
100001243,Sonia,Parr,Female,41,England,White Collar,16-Jul,58683.04
100001244,Julian,Springer,Male,31,England,White Collar,16-Jul,27812.51
200001245,Olivia,Metcalfe,Female,59,Scotland,Other,16-Jul,39943.69
200001246,Lily,Underwood,Female,62,Scotland,Other,16-Jul,23578.96
200001247,Donna,Wallace,Female,44,Scotland,Other,16-Jul,25692
100001248,Mary,North,Female,40,England,Other,17-Jul,24204.28
100001249,Lisa,Walsh,Female,31,England,Other,17-Jul,25016.03
100001250,Simon,Cornish,Male,19,England,White Collar,17-Jul,12964.93
200001251,Jonathan,Ball,Male,45,Scotland,Blue Collar,17-Jul,43733.51
200001252,Alan,Campbell,Male,34,Scotland,Blue Collar,17-Jul,10309.36
200001253,Mary,Churchill,Female,55,Scotland,Other,17-Jul,10738.26
300001254,Lauren,Lyman,Female,36,Wales,White Collar,17-Jul,9366.57
300001255,Jane,Rees,Female,39,Wales,White Collar,17-Jul,31777.55
300001256,Harry,Morrison,Male,50,Wales,White Collar,17-Jul,7697.3
100001257,Stewart,Walsh,Male,33,England,White Collar,18-Jul,122002.75
100001258,Nicola,Lee,Female,29,England,White Collar,18-Jul,16056.76
200001259,Warren,Underwood,Male,49,Scotland,Blue Collar,18-Jul,28451.26
200001260,Matt,White,Male,52,Scotland,Blue Collar,18-Jul,4096.45
200001261,Blake,Newman,Male,40,Scotland,Blue Collar,18-Jul,24646.37
300001262,Gabrielle,Wright,Female,29,Wales,White Collar,18-Jul,72266.38
300001263,Frank,Martin,Male,37,Wales,White Collar,18-Jul,66105.06
300001264,Michael,Scott,Male,30,Wales,Blue Collar,18-Jul,68927.97
100001265,Lillian,Sharp,Female,40,England,Blue Collar,19-Jul,31439.06
100001266,Piers,Reid,Male,39,England,White Collar,19-Jul,15208.44
100001267,Kevin,Buckland,Male,37,England,White Collar,19-Jul,32570.65
100001268,Wanda,Jackson,Female,37,England,Blue Collar,19-Jul,42453.12
100001269,Caroline,Lyman,Female,26,England,White Collar,19-Jul,25355.23
100001270,Andrew,Campbell,Male,34,England,Other,19-Jul,111798.34
200001271,Nicola,Cameron,Female,28,Scotland,Other,19-Jul,52614.67
200001272,Leah,Rees,Female,45,Scotland,Other,19-Jul,28231.9
200001273,Luke,Lambert,Male,61,Scotland,Other,19-Jul,105354.02
100001274,Stewart,Grant,Male,37,England,White Collar,20-Jul,34786.14
100001275,Lucas,Dyer,Male,34,England,White Collar,20-Jul,20628.63
100001276,Richard,McDonald,Male,38,England,White Collar,20-Jul,29679.51
100001277,Leah,Simpson,Female,35,England,White Collar,20-Jul,28974.08
100001278,John,Marshall,Male,40,England,Blue Collar,20-Jul,2531.01
100001279,Wanda,Morrison,Female,35,England,Blue Collar,20-Jul,88873.04
100001280,Gordon,Stewart,Male,53,England,Other,20-Jul,12714.42
100001281,Cameron,Bower,Male,36,England,White Collar,20-Jul,16312.01
200001282,Matt,Watson,Male,44,Scotland,White Collar,20-Jul,242.49
200001283,Evan,Burgess,Male,48,Scotland,Blue Collar,20-Jul,5725.96
300001284,Jack,Johnston,Male,41,Wales,White Collar,20-Jul,87285.66
300001285,Grace,Lyman,Female,32,Wales,White Collar,20-Jul,72238.95
300001286,Trevor,Bell,Male,37,Wales,White Collar,20-Jul,28858.98
100001287,Kylie,Morrison,Female,33,England,White Collar,21-Jul,23875.68
100001288,Virginia,Ferguson,Female,33,England,White Collar,21-Jul,16867.36
100001289,Peter,Hamilton,Male,43,England,White Collar,21-Jul,68113.06
100001290,Joseph,Davies,Male,41,England,White Collar,21-Jul,12737.83
100001291,Victor,Berry,Male,27,England,White Collar,21-Jul,6825.79
100001292,Alexander,Hudson,Male,43,England,White Collar,21-Jul,29339.77
100001293,Amy,Avery,Female,31,England,White Collar,21-Jul,1330.3
100001294,Joan,Underwood,Female,36,England,Other,21-Jul,6272.99
200001295,Elizabeth,Clarkson,Female,45,Scotland,Other,21-Jul,10628.71
200001296,Alan,Fraser,Male,50,Scotland,White Collar,21-Jul,9604.4
400001297,Christian,Hudson,Male,32,Northern Ireland,Other,21-Jul,11297.19
100001298,Luke,Walsh,Male,37,England,White Collar,22-Jul,17275.34
100001299,Adam,Duncan,Male,43,England,White Collar,22-Jul,11873.22
100001300,Thomas,Morrison,Male,35,England,Other,22-Jul,71961.78
100001301,Carolyn,Ellison,Female,35,England,White Collar,22-Jul,14125.9
100001302,Katherine,Kerr,Female,32,England,White Collar,22-Jul,17715.69
100001303,Joe,Ball,Male,40,England,White Collar,22-Jul,17616.26
100001304,Amy,Ogden,Female,41,England,Blue Collar,22-Jul,33934.22
100001305,Boris,Morgan,Male,34,England,Blue Collar,22-Jul,109300.73
100001306,Faith,Kerr,Female,33,England,Blue Collar,22-Jul,32418.13
100001307,Dorothy,Jackson,Female,31,England,White Collar,22-Jul,183467.7
100001308,Bella,Jackson,Female,51,England,White Collar,22-Jul,58655.75
100001309,Colin,Hamilton,Male,35,England,White Collar,22-Jul,125015.82
100001310,Eric,Sharp,Male,30,England,White Collar,22-Jul,21014.53
100001311,Michelle,James,Female,39,England,Blue Collar,22-Jul,63992.1
100001312,Alison,Piper,Female,38,England,White Collar,22-Jul,18578.98
100001313,Charles,Hughes,Male,27,England,Blue Collar,22-Jul,25524.72
100001314,Dan,Short,Male,32,England,White Collar,22-Jul,4287.63
100001315,Penelope,Churchill,Female,28,England,White Collar,22-Jul,31066.94
100001316,Simon,Rutherford,Male,25,England,White Collar,22-Jul,123865.36
100001317,Jan,Russell,Female,29,England,Blue Collar,22-Jul,1434.13
100001318,Michael,Grant,Male,37,England,Blue Collar,22-Jul,5234.01
100001319,Heather,Blake,Female,21,England,Blue Collar,22-Jul,59639.46
100001320,Jane,King,Female,38,England,White Collar,22-Jul,11.52
100001321,Steven,Brown,Male,37,England,White Collar,22-Jul,28244.63
100001322,Carol,Simpson,Female,40,England,White Collar,22-Jul,5585.36
100001323,Owen,Robertson,Male,30,England,White Collar,22-Jul,27891.74
100001324,Boris,Hughes,Male,35,England,White Collar,22-Jul,8167.59
100001325,Yvonne,Mitchell,Female,35,England,White Collar,22-Jul,43139.15
200001326,Natalie,Coleman,Female,53,Scotland,Other,22-Jul,40931.28
200001327,Kevin,Grant,Male,44,Scotland,Other,22-Jul,30778.33
200001328,Blake,Arnold,Male,44,Scotland,Blue Collar,22-Jul,37315.31
200001329,Michelle,Edmunds,Female,43,Scotland,Other,22-Jul,3893.42
200001330,Joshua,Black,Male,19,Scotland,White Collar,22-Jul,9758.09
200001331,Maria,Robertson,Female,56,Scotland,Other,22-Jul,6197.21
200001332,Jake,Abraham,Male,49,Scotland,Blue Collar,22-Jul,79844.5
200001333,Justin,Fisher,Male,55,Scotland,Blue Collar,22-Jul,31708.22
200001334,Carl,Stewart,Male,40,Scotland,Other,22-Jul,4076.19
200001335,Connor,Underwood,Male,55,Scotland,Blue Collar,22-Jul,54622.95
300001336,Dan,Poole,Male,47,Wales,White Collar,22-Jul,65701.28
300001337,Diane,Stewart,Female,38,Wales,White Collar,22-Jul,60149.63
300001338,Charles,Simpson,Male,44,Wales,White Collar,22-Jul,110880.94
300001339,Alexandra,Skinner,Female,40,Wales,Other,22-Jul,37204.58
300001340,Lisa,Reid,Female,42,Wales,Other,22-Jul,55359.26
300001341,Isaac,Burgess,Male,28,Wales,White Collar,22-Jul,121021.5
400001342,Victoria,Morrison,Female,36,Northern Ireland,Other,22-Jul,49294.33
400001343,Yvonne,Buckland,Female,31,Northern Ireland,Other,22-Jul,6631.42
400001344,Sebastian,Scott,Male,26,Northern Ireland,Other,22-Jul,39569.45
100001345,Carl,Scott,Male,46,England,White Collar,23-Jul,49511.64
100001346,Deirdre,Clarkson,Female,33,England,White Collar,23-Jul,14121.7
100001347,Madeleine,Miller,Female,42,England,White Collar,23-Jul,96844.75
100001348,Faith,Jones,Female,35,England,White Collar,23-Jul,31392.78
100001349,Jake,Gray,Male,44,England,White Collar,23-Jul,60906.04
200001350,Alexander,Bell,Male,46,Scotland,Blue Collar,23-Jul,9163.19
200001351,Adrian,Knox,Male,45,Scotland,Blue Collar,23-Jul,39198.79
200001352,Jasmine,Burgess,Female,49,Scotland,Other,23-Jul,21093.17
300001353,Maria,Short,Female,34,Wales,White Collar,23-Jul,15478.24
300001354,Connor,McDonald,Male,41,Wales,White Collar,23-Jul,25581.54
400001355,Neil,Baker,Male,25,Northern Ireland,Other,23-Jul,44575.02
100001356,Stephanie,Clark,Female,34,England,White Collar,24-Jul,4056.75
100001357,Jack,Ellison,Male,40,England,White Collar,24-Jul,67327.11
100001358,Edward,Parsons,Male,49,England,Other,24-Jul,1426.26
100001359,Connor,Hamilton,Male,31,England,White Collar,24-Jul,24458
100001360,Brandon,Walker,Male,37,England,White Collar,24-Jul,59430.45
200001361,Christian,Hemmings,Male,51,Scotland,Other,24-Jul,25973.39
100001362,Alexandra,King,Female,29,England,Blue Collar,25-Jul,18984.55
100001363,Gordon,Young,Male,38,England,White Collar,25-Jul,77710.39
100001364,Karen,Alsop,Female,35,England,Blue Collar,25-Jul,38448.21
100001365,Kevin,Scott,Male,32,England,White Collar,25-Jul,79604.57
100001366,Adrian,Johnston,Male,41,England,Blue Collar,25-Jul,84302.39
100001367,Dominic,Greene,Male,33,England,Blue Collar,25-Jul,70028.94
100001368,Benjamin,Greene,Male,19,England,White Collar,25-Jul,68980.3
100001369,Zoe,Murray,Female,49,England,White Collar,25-Jul,92941.82
100001370,Kylie,Buckland,Female,30,England,Other,25-Jul,105695.88
100001371,Simon,Paterson,Male,49,England,White Collar,25-Jul,18893.22
100001372,Ava,Hart,Female,32,England,White Collar,25-Jul,5709.07
100001373,Joshua,Abraham,Male,24,England,White Collar,25-Jul,17127.23
200001374,David,Piper,Male,52,Scotland,Blue Collar,25-Jul,31428.98
200001375,Leah,Quinn,Female,59,Scotland,Other,25-Jul,87136.45
200001376,Matt,Martin,Male,48,Scotland,Other,25-Jul,40174.57
200001377,Boris,Roberts,Male,53,Scotland,Blue Collar,25-Jul,15775.81
200001378,Benjamin,Roberts,Male,27,Scotland,Blue Collar,25-Jul,20963.64
200001379,Alan,Mackay,Male,56,Scotland,Blue Collar,25-Jul,43145.1
400001380,Ryan,Springer,Male,27,Northern Ireland,White Collar,25-Jul,22674.03
100001381,Sebastian,Allan,Male,30,England,Blue Collar,26-Jul,32676.42
100001382,Brandon,Knox,Male,34,England,White Collar,26-Jul,26897.8
100001383,Hannah,Jackson,Female,30,England,White Collar,26-Jul,39515
100001384,Sam,Ellison,Male,52,England,White Collar,26-Jul,23112.67
100001385,Peter,Forsyth,Male,26,England,White Collar,26-Jul,52604.44
100001386,Austin,Turner,Male,45,England,White Collar,26-Jul,28673.76
100001387,Jack,Churchill,Male,31,England,White Collar,26-Jul,31181.91
100001388,Trevor,Davidson,Male,38,England,White Collar,26-Jul,7098.63
200001389,Isaac,Lee,Male,55,Scotland,Blue Collar,26-Jul,69349.56
200001390,Christopher,Allan,Male,54,Scotland,Blue Collar,26-Jul,90166.9
200001391,Nathan,Hughes,Male,44,Scotland,Blue Collar,26-Jul,56071.51
300001392,Joanne,Wright,Female,35,Wales,White Collar,26-Jul,39692.86
400001393,Wanda,Peake,Female,21,Northern Ireland,Blue Collar,26-Jul,11236.25
100001394,Ella,Knox,Female,31,England,Other,27-Jul,1173.73
100001395,Penelope,Duncan,Female,39,England,White Collar,27-Jul,6861.44
100001396,Diane,Powell,Female,32,England,Blue Collar,27-Jul,41881.91
100001397,Jason,Piper,Male,36,England,White Collar,27-Jul,23674.84
100001398,Stephanie,Avery,Female,34,England,White Collar,27-Jul,22701.72
100001399,Gavin,Burgess,Male,34,England,White Collar,27-Jul,58648.57
100001400,Tracey,Gray,Female,41,England,White Collar,27-Jul,23182.6
100001401,Grace,Ellison,Female,29,England,Other,27-Jul,33563.67
200001402,Stewart,Roberts,Male,48,Scotland,Blue Collar,27-Jul,1208.06
200001403,Adam,Martin,Male,39,Scotland,Blue Collar,27-Jul,1255.52
200001404,Warren,Underwood,Male,32,Scotland,Other,27-Jul,1361.83
200001405,William,Hamilton,Male,52,Scotland,Blue Collar,27-Jul,59450.29
200001406,Anne,Wallace,Female,49,Scotland,Other,27-Jul,74079.13
200001407,Nicholas,James,Male,55,Scotland,Other,27-Jul,3397.32
300001408,Tracey,Hughes,Female,40,Wales,White Collar,27-Jul,33801.26
300001409,Oliver,Reid,Male,39,Wales,White Collar,27-Jul,43262.53
300001410,Boris,Metcalfe,Male,43,Wales,White Collar,27-Jul,115674.98
300001411,Ava,White,Female,38,Wales,White Collar,27-Jul,14400.39
300001412,Amy,Metcalfe,Female,35,Wales,White Collar,27-Jul,44201.14
400001413,Rachel,Nolan,Female,52,Northern Ireland,Other,27-Jul,7764.71
100001414,Stephen,Ogden,Male,29,England,Other,28-Jul,106821.73
100001415,Jessica,Howard,Female,30,England,White Collar,28-Jul,2467.17
100001416,Jason,Nash,Male,44,England,White Collar,28-Jul,23330.41
100001417,Audrey,Robertson,Female,37,England,Blue Collar,28-Jul,43420.7
100001418,Adam,MacDonald,Male,41,England,White Collar,28-Jul,14899.94
100001419,Lillian,Mathis,Female,43,England,White Collar,28-Jul,114.69
100001420,Gabrielle,Underwood,Female,38,England,White Collar,28-Jul,51616.07
100001421,Pippa,Langdon,Female,38,England,White Collar,28-Jul,37866.52
100001422,Jasmine,Hodges,Female,29,England,Other,28-Jul,46543.51
200001423,Chloe,Oliver,Female,50,Scotland,Other,28-Jul,99770.73
200001424,Phil,Nolan,Male,42,Scotland,Blue Collar,28-Jul,37912.46
300001425,Leah,Black,Female,28,Wales,White Collar,28-Jul,91237.59
400001426,Dominic,Young,Male,17,Northern Ireland,Other,28-Jul,5158.87
100001427,Leah,Young,Female,35,England,White Collar,29-Jul,44622.79
100001428,Julia,Coleman,Female,38,England,White Collar,29-Jul,81724.65
100001429,David,Lyman,Male,32,England,White Collar,29-Jul,13668.23
100001430,Cameron,Young,Male,40,England,Other,29-Jul,29293.29
100001431,Lucas,Grant,Male,32,England,White Collar,29-Jul,55348.18
100001432,Nicola,Metcalfe,Female,27,England,White Collar,29-Jul,57283.14
100001433,Sebastian,Baker,Male,38,England,White Collar,29-Jul,16024.43
100001434,Phil,Chapman,Male,31,England,Blue Collar,29-Jul,20238.12
200001435,Peter,Welch,Male,51,Scotland,Blue Collar,29-Jul,4188.63
200001436,Leonard,Jones,Male,56,Scotland,Blue Collar,29-Jul,11897.17
200001437,Ruth,Kelly,Female,48,Scotland,Other,29-Jul,7764.14
200001438,Isaac,Kelly,Male,60,Scotland,White Collar,29-Jul,74666.21
200001439,Boris,Paige,Male,59,Scotland,Other,29-Jul,23907.86
200001440,Colin,Hill,Male,50,Scotland,Blue Collar,29-Jul,4557.94
200001441,Lucas,North,Male,51,Scotland,Other,29-Jul,53537.01
300001442,Jessica,Tucker,Female,46,Wales,White Collar,29-Jul,9867.56
300001443,Jane,Miller,Female,43,Wales,White Collar,29-Jul,54434.04
300001444,Adam,Wilkins,Male,29,Wales,Blue Collar,29-Jul,32447.58
100001445,Rebecca,Jackson,Female,28,England,Other,30-Jul,10688.34
100001446,Lucas,Paige,Male,36,England,White Collar,30-Jul,2385.47
100001447,Ian,Miller,Male,43,England,White Collar,30-Jul,15879.52
100001448,Anna,Mackay,Female,27,England,Blue Collar,30-Jul,59292.8
100001449,Diane,Wilkins,Female,27,England,Other,30-Jul,30992.37
200001450,Jake,Clark,Male,52,Scotland,Other,30-Jul,13419.57
200001451,Warren,Hamilton,Male,53,Scotland,Other,30-Jul,25797.17
200001452,Jonathan,Lawrence,Male,47,Scotland,Blue Collar,30-Jul,48667.64
200001453,Elizabeth,Russell,Female,53,Scotland,Other,30-Jul,51621.76
200001454,Leah,Walker,Female,59,Scotland,Other,30-Jul,55368.66
200001455,Brian,Manning,Male,59,Scotland,Blue Collar,30-Jul,19832.01
300001456,Dominic,Jackson,Male,40,Wales,White Collar,30-Jul,3615.89
400001457,Diane,Tucker,Female,37,Northern Ireland,White Collar,30-Jul,13937.18
100001458,Abigail,Powell,Female,30,England,White Collar,31-Jul,79094.42
100001459,Katherine,Mills,Female,37,England,White Collar,31-Jul,122248.3
100001460,Rose,Morrison,Female,34,England,White Collar,31-Jul,125101.37
100001461,Alexander,Clarkson,Male,30,England,White Collar,31-Jul,68336.84
100001462,Zoe,Bell,Female,39,England,White Collar,31-Jul,16956
200001463,Katherine,Sanderson,Female,38,Scotland,Other,31-Jul,37115.03
200001464,Bernadette,Watson,Female,43,Scotland,Other,31-Jul,10513.17
300001465,Lily,Hart,Female,34,Wales,White Collar,31-Jul,1090.67
300001466,Jonathan,Clark,Male,34,Wales,Blue Collar,31-Jul,1400.26
400001467,Ryan,Poole,Male,23,Northern Ireland,Blue Collar,31-Jul,106836
400001468,Robert,Lawrence,Male,30,Northern Ireland,White Collar,31-Jul,33024.7
100001469,Warren,Walker,Male,39,England,Blue Collar,1-Aug,88544.22
100001470,Colin,May,Male,43,England,Blue Collar,1-Aug,39702.48
100001471,Olivia,Graham,Female,29,England,White Collar,1-Aug,69174.72
100001472,Christian,Ross,Male,28,England,Blue Collar,1-Aug,22336.22
100001473,Olivia,Scott,Female,38,England,Other,1-Aug,54104.73
100001474,Lily,Cornish,Female,23,England,Blue Collar,1-Aug,2092.59
100001475,Irene,Blake,Female,36,England,White Collar,1-Aug,40233.57
200001476,Connor,Peake,Male,46,Scotland,Blue Collar,1-Aug,87192.65
200001477,Sam,Lawrence,Male,44,Scotland,Blue Collar,1-Aug,86652.4
200001478,Benjamin,Parsons,Male,46,Scotland,Blue Collar,1-Aug,70621.1
200001479,Nicholas,Black,Male,60,Scotland,Other,1-Aug,89173.1
300001480,Matt,Rampling,Male,46,Wales,Blue Collar,1-Aug,91216.49
300001481,Jennifer,Mitchell,Female,29,Wales,White Collar,1-Aug,29355.49
100001482,Trevor,Churchill,Male,31,England,White Collar,2-Aug,24498.39
100001483,Samantha,Kerr,Female,25,England,White Collar,2-Aug,5834.39
100001484,Eric,Poole,Male,41,England,White Collar,2-Aug,79036.3
100001485,Sebastian,Bailey,Male,33,England,White Collar,2-Aug,48891.91
200001486,Maria,Metcalfe,Female,43,Scotland,Other,2-Aug,40730.74
200001487,Joseph,Bailey,Male,58,Scotland,Other,2-Aug,19164.52
200001488,Harry,Hunter,Male,56,Scotland,Other,2-Aug,59975.14
200001489,Grace,Walker,Female,53,Scotland,White Collar,2-Aug,19634.21
300001490,Richard,Wallace,Male,43,Wales,White Collar,2-Aug,47373.56
100001491,Joan,Short,Female,36,England,Other,3-Aug,56430.27
100001492,Ian,Henderson,Male,27,England,White Collar,3-Aug,40625.59
100001493,Dominic,Hughes,Male,27,England,Blue Collar,3-Aug,39881.74
100001494,Amelia,Glover,Female,31,England,White Collar,3-Aug,84543.25
100001495,Connor,Russell,Male,36,England,White Collar,3-Aug,65592.55
100001496,Jack,Berry,Male,31,England,White Collar,3-Aug,34212.84
100001497,Nathan,Alsop,Male,35,England,White Collar,3-Aug,19857.03
100001498,Fiona,Springer,Female,32,England,White Collar,3-Aug,30225.62
200001499,Cameron,Ellison,Male,64,Scotland,Blue Collar,3-Aug,71106.33
200001500,Blake,Roberts,Male,57,Scotland,Blue Collar,3-Aug,26137.76
200001501,Frank,Gibson,Male,45,Scotland,Blue Collar,3-Aug,41160.57
200001502,Stewart,Vaughan,Male,57,Scotland,Blue Collar,3-Aug,141792.5
400001503,Madeleine,Hill,Female,33,Northern Ireland,Blue Collar,3-Aug,59125.17
100001504,Sonia,Rees,Female,34,England,Other,4-Aug,23145.58
100001505,Christopher,Berry,Male,36,England,White Collar,4-Aug,19076.5
100001506,Una,Ball,Female,38,England,White Collar,4-Aug,25195.87
100001507,Lillian,Mitchell,Female,28,England,White Collar,4-Aug,38920.96
100001508,Owen,Vaughan,Male,27,England,White Collar,4-Aug,2504.74
100001509,Deirdre,Peters,Female,26,England,White Collar,4-Aug,19090.8
200001510,Neil,MacLeod,Male,49,Scotland,Blue Collar,4-Aug,42654.47
200001511,Ryan,Carr,Male,45,Scotland,Other,4-Aug,27154.95
200001512,James,Thomson,Male,43,Scotland,Blue Collar,4-Aug,35520.18
300001513,Liam,Johnston,Male,44,Wales,Blue Collar,4-Aug,53325.85
100001514,Joanne,Davidson,Female,30,England,Blue Collar,5-Aug,94490.55
100001515,Frank,Blake,Male,36,England,Other,5-Aug,46324.39
100001516,Julian,Thomson,Male,31,England,White Collar,5-Aug,8857.19
200001517,Tim,Sanderson,Male,53,Scotland,Other,5-Aug,13667.27
200001518,Grace,Brown,Female,51,Scotland,Other,5-Aug,29889.68
200001519,Gabrielle,Chapman,Female,38,Scotland,Other,5-Aug,114945.55
300001520,Bernadette,McGrath,Female,47,Wales,Other,5-Aug,71574.75
400001521,Abigail,Mathis,Female,28,Northern Ireland,Other,5-Aug,19160.55
400001522,Jack,Lewis,Male,35,Northern Ireland,Other,5-Aug,33042.13
400001523,Ella,Knox,Female,18,Northern Ireland,Blue Collar,5-Aug,31948.6
100001524,Lillian,Scott,Female,36,England,White Collar,6-Aug,50523.67
100001525,Justin,Watson,Male,23,England,White Collar,6-Aug,40230.42
100001526,Jonathan,Duncan,Male,48,England,Other,6-Aug,4901.23
100001527,Victoria,Dowd,Female,47,England,White Collar,6-Aug,18860.64
300001528,Austin,Dickens,Male,27,Wales,White Collar,6-Aug,17541.06
300001529,Harry,Bailey,Male,43,Wales,Other,6-Aug,51598.1
300001530,Emily,Hodges,Female,45,Wales,Other,6-Aug,22305.13
400001531,Molly,Springer,Female,31,Northern Ireland,Blue Collar,6-Aug,46207.53
100001532,Paul,Glover,Male,51,England,Blue Collar,7-Aug,42316.94
100001533,Chloe,Gibson,Female,39,England,White Collar,7-Aug,5133.32
100001534,Anthony,Buckland,Male,37,England,Blue Collar,7-Aug,54533.59
100001535,Gavin,Terry,Male,39,England,White Collar,7-Aug,21204.79
100001536,Isaac,Fraser,Male,45,England,White Collar,7-Aug,18027.52
100001537,Adam,Bailey,Male,26,England,White Collar,7-Aug,8708.57
300001538,Una,Bailey,Female,47,Wales,White Collar,7-Aug,43260.49
300001539,Amelia,Peake,Female,37,Wales,White Collar,7-Aug,53825.25
100001540,John,Morgan,Male,33,England,Other,8-Aug,18305.03
100001541,Simon,Chapman,Male,30,England,Other,8-Aug,83041.14
100001542,Dorothy,White,Female,30,England,Other,8-Aug,86591.86
100001543,Evan,Arnold,Male,26,England,White Collar,8-Aug,12883.77
100001544,Wanda,Hill,Female,25,England,White Collar,8-Aug,45618.61
100001545,Nicholas,Thomson,Male,30,England,White Collar,8-Aug,38121.48
100001546,Victoria,Clarkson,Female,37,England,White Collar,8-Aug,7467.05
100001547,Dorothy,Churchill,Female,38,England,Other,8-Aug,80338.65
100001548,Maria,Kelly,Female,35,England,Blue Collar,8-Aug,87960.01
200001549,Evan,Sharp,Male,55,Scotland,Blue Collar,8-Aug,10903.24
200001550,Cameron,Underwood,Male,50,Scotland,Blue Collar,8-Aug,28141.86
400001551,Anna,Scott,Female,36,Northern Ireland,Other,8-Aug,11566.5
100001552,Megan,Buckland,Female,36,England,Blue Collar,9-Aug,23247.17
100001553,Julian,Blake,Male,44,England,Blue Collar,9-Aug,10912.78
100001554,Dominic,Howard,Male,34,England,White Collar,9-Aug,94732.96
100001555,Dan,Cameron,Male,47,England,Other,9-Aug,26891.41
100001556,Anna,Rampling,Female,25,England,White Collar,9-Aug,66105.55
100001557,Boris,Anderson,Male,29,England,White Collar,9-Aug,2987.04
100001558,Caroline,Roberts,Female,37,England,White Collar,9-Aug,60167.62
100001559,Oliver,Gray,Male,46,England,White Collar,9-Aug,4439.7
100001560,Sally,Bell,Female,35,England,White Collar,9-Aug,26366.52
200001561,Adam,Coleman,Male,52,Scotland,Blue Collar,9-Aug,104693.27
200001562,Luke,Wright,Male,58,Scotland,Other,9-Aug,66875.08
300001563,Oliver,Wright,Male,49,Wales,White Collar,9-Aug,32867.5
100001564,Samantha,Bell,Female,24,England,White Collar,10-Aug,86123
100001565,Gabrielle,Miller,Female,39,England,White Collar,10-Aug,68694.44
100001566,Donna,Hardacre,Female,40,England,White Collar,10-Aug,85043.83
200001567,John,Wilkins,Male,48,Scotland,Blue Collar,10-Aug,35874.31
200001568,Nathan,Walker,Male,36,Scotland,Blue Collar,10-Aug,53585.22
200001569,Jack,Pullman,Male,58,Scotland,Other,10-Aug,54124.86
200001570,Trevor,Sutherland,Male,38,Scotland,Blue Collar,10-Aug,89551.4
200001571,Ian,Alsop,Male,52,Scotland,Blue Collar,10-Aug,4661.79
200001572,Harry,Reid,Male,60,Scotland,Blue Collar,10-Aug,23755.34
200001573,Adam,Campbell,Male,31,Scotland,White Collar,10-Aug,124232.17
200001574,Leonard,Kerr,Male,56,Scotland,Other,10-Aug,69022.66
300001575,James,Payne,Male,33,Wales,White Collar,10-Aug,120278.47
300001576,Gavin,Ross,Male,41,Wales,White Collar,10-Aug,52335.99
300001577,Anne,Abraham,Female,38,Wales,White Collar,10-Aug,31609.57
400001578,Emily,Harris,Female,34,Northern Ireland,Other,10-Aug,4951.65
100001579,Trevor,Peake,Male,43,England,Blue Collar,11-Aug,36109.27
100001580,Penelope,Coleman,Female,36,England,White Collar,11-Aug,7039.42
100001581,Lauren,May,Female,40,England,Other,11-Aug,27602.78
100001582,Kimberly,Ball,Female,43,England,White Collar,11-Aug,36694.01
100001583,David,Ince,Male,36,England,White Collar,11-Aug,3374.77
100001584,Tim,Davidson,Male,33,England,White Collar,11-Aug,35607.63
200001585,Dylan,Young,Male,42,Scotland,Other,11-Aug,112917.42
200001586,Vanessa,Allan,Female,54,Scotland,Other,11-Aug,80616.31
200001587,Jake,Ellison,Male,64,Scotland,Other,11-Aug,14242.57
300001588,Jacob,Hart,Male,42,Wales,Blue Collar,11-Aug,19473.74
300001589,Liam,Jackson,Male,37,Wales,Blue Collar,11-Aug,94647.65
300001590,Brian,Chapman,Male,21,Wales,White Collar,11-Aug,30442.37
300001591,Sean,North,Male,28,Wales,White Collar,11-Aug,32031.95
100001592,Jonathan,Vaughan,Male,32,England,White Collar,12-Aug,32344.1
100001593,Hannah,Churchill,Female,36,England,White Collar,12-Aug,29876.68
100001594,Madeleine,Walsh,Female,47,England,White Collar,12-Aug,86222.34
100001595,Bella,Avery,Female,40,England,Blue Collar,12-Aug,13612.39
100001596,Yvonne,Miller,Female,29,England,White Collar,12-Aug,53197.64
200001597,Heather,Young,Female,45,Scotland,Other,12-Aug,4151.14
200001598,Peter,Manning,Male,51,Scotland,Blue Collar,12-Aug,36707.21
300001599,Adrian,Blake,Male,29,Wales,White Collar,12-Aug,74898.55
400001600,Abigail,Harris,Female,39,Northern Ireland,Blue Collar,12-Aug,21272.69
100001601,Keith,Duncan,Male,40,England,White Collar,13-Aug,48998.08
100001602,Karen,Grant,Female,39,England,Other,13-Aug,21827.12
100001603,James,Underwood,Male,42,England,White Collar,13-Aug,96088.41
100001604,Angela,Hill,Female,37,England,Other,13-Aug,89906.69
100001605,Sonia,Newman,Female,27,England,Other,13-Aug,34178.68
100001606,David,Kerr,Male,36,England,White Collar,13-Aug,64281.78
100001607,Andrew,Jones,Male,33,England,Blue Collar,13-Aug,50819.63
100001608,Amelia,Gray,Female,39,England,White Collar,13-Aug,44286.24
200001609,Yvonne,Dickens,Female,64,Scotland,Other,13-Aug,23522.36
200001610,Ian,Baker,Male,44,Scotland,White Collar,13-Aug,4442.02
200001611,Sonia,Taylor,Female,26,Scotland,Blue Collar,13-Aug,76714.19
200001612,Brian,Alsop,Male,61,Scotland,Other,13-Aug,4926.12
200001613,Sean,Parsons,Male,55,Scotland,Blue Collar,13-Aug,15817.09
300001614,Blake,Blake,Male,29,Wales,Other,13-Aug,87844.61
100001615,Emma,Black,Female,32,England,Other,14-Aug,71324.35
100001616,Sophie,Graham,Female,25,England,White Collar,14-Aug,42773.9
100001617,Tracey,Bailey,Female,36,England,White Collar,14-Aug,57272.58
100001618,Christopher,Terry,Male,26,England,Other,14-Aug,64330.34
100001619,Joanne,Burgess,Female,28,England,White Collar,14-Aug,14786.28
100001620,Rose,Glover,Female,41,England,Blue Collar,14-Aug,12978.24
100001621,Dominic,Payne,Male,29,England,White Collar,14-Aug,31044.8
200001622,Alan,Pullman,Male,51,Scotland,Other,14-Aug,11139.78
200001623,Eric,Tucker,Male,55,Scotland,Blue Collar,14-Aug,18087.62
200001624,Isaac,Walsh,Male,51,Scotland,Other,14-Aug,879.78
200001625,Sam,Fisher,Male,51,Scotland,Other,14-Aug,1753.34
300001626,Sue,Rutherford,Female,37,Wales,White Collar,14-Aug,7981.83
300001627,Lucas,White,Male,45,Wales,White Collar,14-Aug,18035.37
300001628,Lillian,Dowd,Female,45,Wales,Other,14-Aug,53783.65
300001629,Lily,Clarkson,Female,36,Wales,Other,14-Aug,9679.91
400001630,Nicola,Pullman,Female,28,Northern Ireland,Other,14-Aug,40163.92
100001631,Lisa,Lambert,Female,28,England,White Collar,15-Aug,17565.51
100001632,Jan,Avery,Female,28,England,White Collar,15-Aug,8195.76
100001633,Blake,Parsons,Male,34,England,White Collar,15-Aug,19053.75
100001634,Keith,Edmunds,Male,28,England,White Collar,15-Aug,8958.39
100001635,Lauren,Manning,Female,34,England,White Collar,15-Aug,131464.91
100001636,Steven,Sharp,Male,23,England,Other,15-Aug,5257.22
100001637,Samantha,Ferguson,Female,26,England,White Collar,16-Aug,5526.87
200001638,Jonathan,North,Male,63,Scotland,Other,16-Aug,8391.79
200001639,Joan,Wright,Female,57,Scotland,White Collar,16-Aug,34948.54
200001640,Christopher,Underwood,Male,64,Scotland,Blue Collar,16-Aug,47115.07
300001641,Jonathan,Langdon,Male,28,Wales,White Collar,16-Aug,77211.46
300001642,Keith,Fisher,Male,41,Wales,White Collar,16-Aug,112243.76
100001643,Adam,Walsh,Male,40,England,White Collar,17-Aug,61559.53
100001644,Wendy,Vaughan,Female,41,England,Other,17-Aug,19269.63
100001645,Sonia,Morgan,Female,44,England,White Collar,17-Aug,46153.29
100001646,Rebecca,Peters,Female,31,England,White Collar,17-Aug,45730.02
100001647,Sean,Ince,Male,24,England,Blue Collar,17-Aug,19278.39
200001648,Andrew,Wilkins,Male,41,Scotland,Other,17-Aug,57520.31
200001649,Steven,Gray,Male,55,Scotland,Blue Collar,17-Aug,44489.44
200001650,Peter,McLean,Male,34,Scotland,Other,17-Aug,21134.53
300001651,Emma,Mitchell,Female,21,Wales,White Collar,17-Aug,45899.62
300001652,Adam,Forsyth,Male,39,Wales,Other,17-Aug,72866.17
100001653,James,Chapman,Male,35,England,Blue Collar,18-Aug,16479.12
100001654,Victoria,Edmunds,Female,18,England,White Collar,18-Aug,36706.84
100001655,Kevin,Forsyth,Male,40,England,White Collar,18-Aug,20906.27
100001656,Tim,King,Male,38,England,White Collar,18-Aug,52100.59
100001657,Dominic,Nolan,Male,30,England,White Collar,18-Aug,32400.35
100001658,Leah,MacLeod,Female,39,England,White Collar,18-Aug,6904.7
100001659,Diane,Lee,Female,33,England,Blue Collar,18-Aug,19416.33
100001660,Boris,Harris,Male,40,England,White Collar,18-Aug,80678.36
100001661,Neil,Gray,Male,26,England,White Collar,18-Aug,12604.91
200001662,Anthony,Graham,Male,46,Scotland,Blue Collar,18-Aug,48967.15
200001663,Diane,Clarkson,Female,56,Scotland,Other,18-Aug,25452.8
200001664,Edward,Young,Male,33,Scotland,Other,18-Aug,65608.68
200001665,Gabrielle,McLean,Female,43,Scotland,Other,18-Aug,63757.4
400001666,Jake,Mathis,Male,35,Northern Ireland,White Collar,18-Aug,9465.58
100001667,Bernadette,Piper,Female,56,England,White Collar,19-Aug,997.01
200001668,Liam,Dickens,Male,62,Scotland,Blue Collar,19-Aug,18687.01
200001669,Jan,Knox,Female,47,Scotland,Other,19-Aug,48268.62
200001670,Gordon,Vance,Male,45,Scotland,Other,19-Aug,69809.23
400001671,Bernadette,Metcalfe,Female,17,Northern Ireland,Blue Collar,19-Aug,97610.35
100001672,Katherine,Berry,Female,45,England,White Collar,20-Aug,20228.5
100001673,Jacob,Mathis,Male,39,England,White Collar,20-Aug,10188.53
100001674,Irene,Alsop,Female,46,England,White Collar,20-Aug,7003.01
100001675,Emma,Pullman,Female,42,England,Other,20-Aug,19699.45
100001676,Madeleine,Bower,Female,27,England,Blue Collar,20-Aug,32313.23
200001677,Joan,Jones,Female,56,Scotland,Other,20-Aug,115592.15
200001678,Amanda,Henderson,Female,47,Scotland,Other,20-Aug,10671.26
200001679,Victor,Arnold,Male,61,Scotland,Blue Collar,20-Aug,114858.67
300001680,Anna,Murray,Female,33,Wales,White Collar,20-Aug,8271.07
300001681,Leonard,Tucker,Male,29,Wales,White Collar,20-Aug,30556.05
400001682,Lauren,Jones,Female,31,Northern Ireland,Other,20-Aug,30914.02
400001683,Felicity,Vance,Female,24,Northern Ireland,Other,20-Aug,2617.17
100001684,Lily,Bond,Female,30,England,White Collar,21-Aug,54749.13
100001685,Nicholas,Clarkson,Male,44,England,White Collar,21-Aug,27673.63
100001686,Edward,Watson,Male,36,England,Other,21-Aug,74026.52
100001687,Pippa,Coleman,Female,34,England,White Collar,21-Aug,24827.57
100001688,Ryan,Pullman,Male,31,England,White Collar,21-Aug,90760.82
100001689,Jan,McGrath,Female,32,England,White Collar,21-Aug,86890.77
100001690,Paul,Hunter,Male,48,England,White Collar,21-Aug,51202.31
100001691,Amanda,Gill,Female,33,England,White Collar,21-Aug,4884.67
200001692,Christopher,Wilkins,Male,58,Scotland,Blue Collar,21-Aug,102552.12
200001693,Lucas,Clarkson,Male,48,Scotland,Blue Collar,21-Aug,4363.5
200001694,Jasmine,Mathis,Female,47,Scotland,Other,21-Aug,64940.12
200001695,Gabrielle,Arnold,Female,55,Scotland,Other,21-Aug,46862.56
300001696,Natalie,Graham,Female,38,Wales,White Collar,21-Aug,7148.82
300001697,Justin,Dowd,Male,33,Wales,Other,21-Aug,25705.16
300001698,Gordon,Lambert,Male,38,Wales,Blue Collar,21-Aug,4409.18
300001699,Faith,Young,Female,33,Wales,Other,21-Aug,74578.98
300001700,Brandon,Hamilton,Male,37,Wales,Blue Collar,21-Aug,36731.86
400001701,Lauren,Greene,Female,41,Northern Ireland,White Collar,21-Aug,57177.94
100001702,Rachel,Lee,Female,52,England,Blue Collar,22-Aug,27309.33
100001703,Gordon,Paige,Male,29,England,Blue Collar,22-Aug,63852.14
100001704,Heather,Rees,Female,28,England,White Collar,22-Aug,21840.84
100001705,Zoe,Parr,Female,43,England,Other,22-Aug,88279.66
100001706,Simon,Burgess,Male,43,England,White Collar,22-Aug,104169.39
100001707,Grace,Russell,Female,41,England,White Collar,22-Aug,7598.49
200001708,Phil,Murray,Male,51,Scotland,Other,22-Aug,20981.07
200001709,Penelope,North,Female,44,Scotland,Other,22-Aug,22760.94
200001710,Warren,Terry,Male,50,Scotland,White Collar,22-Aug,65433.7
200001711,Christopher,Edmunds,Male,34,Scotland,White Collar,22-Aug,12137.16
200001712,Christian,Fisher,Male,41,Scotland,Blue Collar,22-Aug,39250.53
100001713,Jason,McDonald,Male,34,England,Blue Collar,23-Aug,21191.18
100001714,Faith,Arnold,Female,38,England,White Collar,23-Aug,49606.03
100001715,Warren,Parr,Male,32,England,Blue Collar,23-Aug,10239.67
100001716,Boris,Turner,Male,23,England,White Collar,23-Aug,66040.46
100001717,Nathan,Hudson,Male,26,England,White Collar,23-Aug,7685.3
100001718,Bernadette,Knox,Female,41,England,White Collar,23-Aug,20040.94
100001719,Madeleine,Quinn,Female,30,England,Blue Collar,23-Aug,113533.08
100001720,Deirdre,Alsop,Female,25,England,Blue Collar,23-Aug,47846.97
100001721,Paul,Knox,Male,34,England,Blue Collar,23-Aug,78342.04
100001722,John,Coleman,Male,29,England,White Collar,23-Aug,48925.1
100001723,Chloe,Roberts,Female,28,England,White Collar,23-Aug,12085.14
100001724,Eric,Piper,Male,36,England,Blue Collar,23-Aug,3691.67
100001725,Steven,MacDonald,Male,46,England,White Collar,23-Aug,4887.16
100001726,Phil,Lawrence,Male,37,England,Other,23-Aug,6591.25
100001727,Trevor,Parsons,Male,38,England,White Collar,23-Aug,12703.52
100001728,Kimberly,Metcalfe,Female,29,England,White Collar,23-Aug,44345.61
100001729,Gabrielle,Bower,Female,30,England,Other,23-Aug,72874.91
100001730,Edward,MacDonald,Male,30,England,Other,23-Aug,12647.17
100001731,Caroline,MacDonald,Female,38,England,White Collar,23-Aug,8080.08
100001732,Jacob,Arnold,Male,47,England,White Collar,23-Aug,115722.65
200001733,Zoe,Mills,Female,60,Scotland,Other,23-Aug,2527
200001734,Joshua,Fraser,Male,46,Scotland,Other,23-Aug,33915.03
200001735,Brandon,Howard,Male,61,Scotland,Blue Collar,23-Aug,7992.21
200001736,Sue,Watson,Female,59,Scotland,Other,23-Aug,13708.97
200001737,Julian,Ferguson,Male,43,Scotland,Blue Collar,23-Aug,80189.9
200001738,Paul,Lambert,Male,53,Scotland,Blue Collar,23-Aug,44984.09
200001739,Warren,Gibson,Male,52,Scotland,Blue Collar,23-Aug,47219.2
300001740,Tracey,Lambert,Female,35,Wales,White Collar,23-Aug,52648.77
300001741,Chloe,Lee,Female,33,Wales,White Collar,23-Aug,56539.65
300001742,Wanda,Clarkson,Female,18,Wales,White Collar,23-Aug,38462.35
300001743,Joseph,Bell,Male,18,Wales,White Collar,23-Aug,43780.77
300001744,Megan,Peake,Female,19,Wales,White Collar,23-Aug,15278.22
300001745,Virginia,Piper,Female,34,Wales,Blue Collar,23-Aug,49214.87
300001746,Blake,Johnston,Male,37,Wales,White Collar,23-Aug,34838.68
300001747,David,Wright,Male,44,Wales,White Collar,23-Aug,8128.57
300001748,Julian,Quinn,Male,29,Wales,Other,23-Aug,15762.18
300001749,Julia,Newman,Female,41,Wales,White Collar,23-Aug,12003.06
300001750,Diana,Piper,Female,48,Wales,White Collar,23-Aug,36947.59
300001751,Alison,Terry,Female,46,Wales,White Collar,23-Aug,16233.42
400001752,Vanessa,Terry,Female,26,Northern Ireland,Blue Collar,23-Aug,65999.04
400001753,Chloe,Slater,Female,30,Northern Ireland,Other,23-Aug,51991.07
400001754,Sally,Ogden,Female,36,Northern Ireland,White Collar,23-Aug,37892.43
100001755,Boris,Langdon,Male,29,England,Other,24-Aug,50953.26
100001756,Keith,Dyer,Male,28,England,Other,24-Aug,6016.04
100001757,Cameron,Arnold,Male,20,England,White Collar,24-Aug,98261.13
100001758,Kimberly,Lewis,Female,47,England,White Collar,24-Aug,2741.32
100001759,Colin,Edmunds,Male,38,England,White Collar,24-Aug,49172.92
100001760,Jasmine,Vaughan,Female,36,England,Other,24-Aug,9106.91
100001761,Deirdre,Paterson,Female,31,England,Blue Collar,24-Aug,23951.94
200001762,Stephen,Marshall,Male,50,Scotland,Blue Collar,24-Aug,12610.37
200001763,Jason,Ball,Male,54,Scotland,Other,24-Aug,44192.29
200001764,Dylan,Paige,Male,57,Scotland,Blue Collar,24-Aug,76554.32
200001765,Gavin,Dyer,Male,52,Scotland,Other,24-Aug,37817.35
200001766,Jasmine,Dickens,Female,57,Scotland,Blue Collar,24-Aug,31824.47
300001767,Evan,Bell,Male,41,Wales,Blue Collar,24-Aug,56244.09
400001768,Sally,Dyer,Female,29,Northern Ireland,Other,24-Aug,32458.74
400001769,Donna,Chapman,Female,28,Northern Ireland,Other,24-Aug,25544.09
100001770,Steven,Morgan,Male,26,England,Other,25-Aug,58955.8
100001771,Trevor,Hughes,Male,27,England,White Collar,25-Aug,1387.14
100001772,Abigail,Randall,Female,37,England,Other,25-Aug,31706.03
100001773,Andrea,Carr,Female,47,England,White Collar,25-Aug,75332.4
100001774,Victor,Gray,Male,34,England,White Collar,25-Aug,43670.72
200001775,Sean,Marshall,Male,51,Scotland,Blue Collar,25-Aug,38865.85
200001776,Frank,Buckland,Male,52,Scotland,Blue Collar,25-Aug,2793.81
200001777,Theresa,Terry,Female,49,Scotland,White Collar,25-Aug,39552.66
200001778,Deirdre,Simpson,Female,36,Scotland,Other,25-Aug,33617.08
300001779,Yvonne,Brown,Female,37,Wales,White Collar,25-Aug,104416.12
300001780,Virginia,Rampling,Female,36,Wales,White Collar,25-Aug,37585.24
400001781,Irene,Chapman,Female,23,Northern Ireland,Other,25-Aug,82229.1
100001782,Phil,Wallace,Male,34,England,Other,26-Aug,27049.56
100001783,Frank,Cornish,Male,31,England,White Collar,26-Aug,12728.29
100001784,Oliver,Russell,Male,28,England,White Collar,26-Aug,82862.73
100001785,Angela,White,Female,29,England,Other,26-Aug,27683.73
100001786,Jan,Hunter,Female,28,England,White Collar,26-Aug,142461.87
100001787,Charles,Ross,Male,28,England,White Collar,26-Aug,46762.44
100001788,Liam,Dickens,Male,28,England,Blue Collar,26-Aug,34984.35
100001789,Kylie,Glover,Female,39,England,Other,26-Aug,18016.11
100001790,Heather,Hudson,Female,40,England,White Collar,26-Aug,61414.37
200001791,Joshua,Paterson,Male,42,Scotland,Blue Collar,26-Aug,36871.21
200001792,Alexandra,Bond,Female,53,Scotland,Other,26-Aug,37604.23
300001793,Owen,Tucker,Male,35,Wales,White Collar,26-Aug,20739.01
400001794,James,Terry,Male,27,Northern Ireland,Blue Collar,26-Aug,6426.13
400001795,Yvonne,Wilson,Female,37,Northern Ireland,White Collar,26-Aug,21823.82
100001796,Boris,Terry,Male,36,England,Blue Collar,27-Aug,11743.7
100001797,Dylan,Randall,Male,44,England,White Collar,27-Aug,2716.79
100001798,Tim,Turner,Male,25,England,White Collar,27-Aug,11186.61
100001799,Ian,Hughes,Male,39,England,White Collar,27-Aug,17435.1
100001800,Keith,Abraham,Male,27,England,Blue Collar,27-Aug,5019.65
100001801,John,Peake,Male,34,England,White Collar,27-Aug,57914.55
100001802,Amanda,Coleman,Female,41,England,Blue Collar,27-Aug,43298.43
100001803,Faith,Sutherland,Female,29,England,White Collar,27-Aug,21477.46
100001804,Una,Terry,Female,38,England,White Collar,27-Aug,42816.16
100001805,Stewart,Short,Male,33,England,Other,27-Aug,13701.41
100001806,Justin,Wilson,Male,35,England,Other,27-Aug,111412.09
200001807,Penelope,Parr,Female,54,Scotland,Other,27-Aug,17076.49
200001808,Fiona,Edmunds,Female,47,Scotland,White Collar,27-Aug,15352.66
200001809,Hannah,Clark,Female,54,Scotland,Other,27-Aug,37009.51
200001810,Jason,Campbell,Male,33,Scotland,Other,27-Aug,37752.35
200001811,Dan,Rutherford,Male,53,Scotland,Other,27-Aug,73457.73
300001812,Boris,Lambert,Male,36,Wales,White Collar,27-Aug,105439.61
300001813,Neil,Jones,Male,39,Wales,White Collar,27-Aug,32430.78
400001814,Alison,Scott,Female,32,Northern Ireland,White Collar,27-Aug,45259.78
400001815,Madeleine,Payne,Female,35,Northern Ireland,Blue Collar,27-Aug,17947.14
400001816,Emily,Alsop,Female,25,Northern Ireland,Other,27-Aug,29644.65
400001817,Colin,Stewart,Male,35,Northern Ireland,White Collar,27-Aug,26311.08
400001818,James,May,Male,33,Northern Ireland,White Collar,27-Aug,20111.98
100001819,Lucas,Mills,Male,38,England,Other,28-Aug,49610.44
100001820,Edward,Clarkson,Male,27,England,White Collar,28-Aug,39495.99
100001821,Sonia,Henderson,Female,29,England,White Collar,28-Aug,96673.11
100001822,Jasmine,Hamilton,Female,38,England,Other,28-Aug,52220.12
100001823,Natalie,Paige,Female,34,England,White Collar,28-Aug,149684.4
100001824,Jason,Powell,Male,35,England,Other,28-Aug,20770.08
100001825,Alan,Brown,Male,34,England,White Collar,28-Aug,25949.97
200001826,Simon,Pullman,Male,62,Scotland,Other,28-Aug,76842.9
200001827,Luke,Harris,Male,47,Scotland,Blue Collar,28-Aug,83071.96
200001828,Jane,Burgess,Female,59,Scotland,Blue Collar,28-Aug,14569.22
200001829,Amy,Morrison,Female,52,Scotland,Other,28-Aug,49205.24
300001830,David,Slater,Male,29,Wales,White Collar,28-Aug,64191.88
100001831,Grace,Peake,Female,34,England,White Collar,29-Aug,52702.58
100001832,Nicola,Blake,Female,36,England,Other,29-Aug,10057.04
100001833,Oliver,Kelly,Male,27,England,White Collar,29-Aug,31637.34
100001834,Jasmine,Scott,Female,37,England,White Collar,29-Aug,7355.25
100001835,Stephanie,Mackay,Female,41,England,White Collar,29-Aug,18745.42
200001836,Luke,Mitchell,Male,58,Scotland,Other,29-Aug,10783.63
200001837,Max,Springer,Male,53,Scotland,White Collar,29-Aug,43176.47
200001838,Dominic,May,Male,24,Scotland,Other,29-Aug,10369.95
300001839,Sue,MacLeod,Female,38,Wales,White Collar,29-Aug,23308.43
300001840,Anne,Hardacre,Female,34,Wales,White Collar,29-Aug,97934.55
300001841,Emily,Mills,Female,32,Wales,Blue Collar,29-Aug,33207.29
300001842,Heather,Graham,Female,29,Wales,White Collar,29-Aug,25049.02
300001843,Alan,Lambert,Male,33,Wales,Other,29-Aug,95833.44
300001844,Keith,Turner,Male,35,Wales,Other,29-Aug,78755.01
400001845,Katherine,Hamilton,Female,45,Northern Ireland,Other,29-Aug,88579.21
100001846,Amelia,Vance,Female,30,England,White Collar,30-Aug,45527.09
100001847,Una,Alsop,Female,31,England,White Collar,30-Aug,44576.62
100001848,Amy,MacDonald,Female,29,England,White Collar,30-Aug,54174.39
100001849,Cameron,Roberts,Male,33,England,Other,30-Aug,43473.64
100001850,Angela,Peters,Female,32,England,White Collar,30-Aug,52248.29
100001851,Joe,Springer,Male,30,England,White Collar,30-Aug,34879.77
100001852,Jonathan,Butler,Male,31,England,White Collar,30-Aug,58911.42
100001853,Jason,Lewis,Male,33,England,White Collar,30-Aug,96422.41
100001854,Donna,Scott,Female,30,England,White Collar,30-Aug,57333.77
300001855,Lily,Graham,Female,27,Wales,Other,30-Aug,40857.78
300001856,Virginia,Lambert,Female,30,Wales,White Collar,30-Aug,69152.93
300001857,Lisa,Mathis,Female,47,Wales,White Collar,30-Aug,3840.53
300001858,Charles,Vaughan,Male,57,Wales,Other,30-Aug,69281.64
100001859,Anna,Fisher,Female,35,England,White Collar,31-Aug,4750.24
100001860,Nicholas,Nash,Male,40,England,White Collar,31-Aug,82664.04
100001861,Julian,Mackenzie,Male,26,England,Other,31-Aug,57623.58
100001862,Colin,Mathis,Male,35,England,White Collar,31-Aug,19680.67
100001863,Zoe,Kerr,Female,36,England,White Collar,31-Aug,2566.77
100001864,Bernadette,Allan,Female,28,England,White Collar,31-Aug,20894.82
100001865,Ella,Stewart,Female,36,England,White Collar,31-Aug,61324.68
200001866,Jason,Rees,Male,40,Scotland,Blue Collar,31-Aug,99604.38
200001867,Victor,Jackson,Male,48,Scotland,White Collar,31-Aug,55410.06
200001868,Alexandra,Alsop,Female,48,Scotland,Other,31-Aug,39884.78
200001869,Sam,Skinner,Male,59,Scotland,Other,31-Aug,50189.26
200001870,Carl,Young,Male,55,Scotland,Blue Collar,31-Aug,71796.68
200001871,Oliver,Springer,Male,46,Scotland,Other,31-Aug,16842.71
300001872,Alexander,Dyer,Male,23,Wales,Blue Collar,31-Aug,68184.25
300001873,Joanne,Rutherford,Female,26,Wales,Other,31-Aug,31028.36
300001874,Jason,Mathis,Male,42,Wales,White Collar,31-Aug,80922.09
100001875,Evan,Hardacre,Male,40,England,Blue Collar,1-Sep,37812.73
100001876,Sebastian,Wilson,Male,46,England,White Collar,1-Sep,47359.83
100001877,Ruth,Poole,Female,41,England,White Collar,1-Sep,24927.19
100001878,Carol,Bond,Female,31,England,Blue Collar,1-Sep,38379.6
100001879,Karen,Lawrence,Female,37,England,Blue Collar,1-Sep,74238.83
100001880,Harry,Powell,Male,36,England,White Collar,1-Sep,14699.68
100001881,Jane,Payne,Female,44,England,Other,1-Sep,52619.82
100001882,Jonathan,Rampling,Male,19,England,White Collar,1-Sep,75913.85
100001883,Adrian,Thomson,Male,25,England,White Collar,1-Sep,78020.29
200001884,Sally,Turner,Female,44,Scotland,Other,1-Sep,2799.27
300001885,Adrian,Edmunds,Male,32,Wales,White Collar,1-Sep,10728.12
300001886,Lisa,Watson,Female,34,Wales,White Collar,1-Sep,49859.68
100001887,Liam,Glover,Male,40,England,White Collar,2-Sep,107130.48
100001888,Michelle,Gibson,Female,33,England,White Collar,2-Sep,14301.43
100001889,Molly,Hunter,Female,34,England,White Collar,2-Sep,107351.49
200001890,Joan,North,Female,62,Scotland,Other,2-Sep,86610.74
200001891,Tim,Marshall,Male,47,Scotland,Blue Collar,2-Sep,59561.46
200001892,Stewart,Hill,Male,41,Scotland,Blue Collar,2-Sep,34985.76
300001893,Leah,Glover,Female,35,Wales,Blue Collar,2-Sep,41917.78
100001894,Jan,Lee,Female,34,England,White Collar,3-Sep,95423
100001895,Michelle,Jackson,Female,39,England,Blue Collar,3-Sep,54045.93
100001896,Colin,Wallace,Male,33,England,White Collar,3-Sep,24025.12
100001897,James,Wilkins,Male,36,England,White Collar,3-Sep,9780.79
100001898,Joseph,Bower,Male,32,England,White Collar,3-Sep,31681.14
100001899,Lisa,Kerr,Female,24,England,White Collar,3-Sep,71148.77
200001900,Piers,Thomson,Male,50,Scotland,Other,3-Sep,67946.54
200001901,Owen,Watson,Male,50,Scotland,Other,3-Sep,6400.76
200001902,Keith,Kelly,Male,60,Scotland,Blue Collar,3-Sep,6961.67
200001903,Owen,Martin,Male,43,Scotland,Blue Collar,3-Sep,83943.55
200001904,Diane,Alsop,Female,50,Scotland,Other,3-Sep,48266.76
200001905,Joan,Slater,Female,59,Scotland,Other,3-Sep,99970.31
400001906,Alison,MacLeod,Female,28,Northern Ireland,Other,3-Sep,31153.14
100001907,Sean,Taylor,Male,43,England,White Collar,4-Sep,6525.63
100001908,Simon,Marshall,Male,33,England,White Collar,4-Sep,682.97
100001909,Nicola,May,Female,36,England,White Collar,4-Sep,23749.79
100001910,Jane,Kerr,Female,38,England,White Collar,4-Sep,31921.61
200001911,Carolyn,Ogden,Female,55,Scotland,Other,4-Sep,68864.13
200001912,Diana,Lyman,Female,49,Scotland,Other,4-Sep,31505.8
300001913,Andrea,Wright,Female,33,Wales,White Collar,4-Sep,22274.84
100001914,Adam,James,Male,23,England,White Collar,5-Sep,38866.87
100001915,Wanda,Cornish,Female,24,England,Other,5-Sep,3140.85
100001916,Michael,Cornish,Male,37,England,White Collar,5-Sep,33744.12
100001917,Piers,Fraser,Male,22,England,Blue Collar,5-Sep,36867.33
100001918,Edward,Kelly,Male,32,England,White Collar,5-Sep,19407.16
100001919,Yvonne,Martin,Female,29,England,White Collar,5-Sep,40307.9
100001920,Keith,Churchill,Male,39,England,Blue Collar,5-Sep,77764.13
100001921,Donna,Marshall,Female,31,England,White Collar,5-Sep,16392.78
100001922,Richard,Hughes,Male,33,England,Blue Collar,5-Sep,50905.81
100001923,Carolyn,Johnston,Female,44,England,White Collar,5-Sep,1607.63
200001924,Lillian,Walker,Female,57,Scotland,Other,5-Sep,20516.92
300001925,Tracey,Mills,Female,31,Wales,Other,5-Sep,7541.33
300001926,Steven,Bond,Male,41,Wales,White Collar,5-Sep,27629.86
400001927,Emily,Burgess,Female,32,Northern Ireland,Other,5-Sep,48145.5
100001928,Chloe,Mathis,Female,35,England,White Collar,6-Sep,45139.58
100001929,Wendy,Robertson,Female,37,England,White Collar,6-Sep,47072.67
100001930,Brian,Baker,Male,38,England,White Collar,6-Sep,21765.28
100001931,Jasmine,Kerr,Female,21,England,White Collar,6-Sep,25489.13
100001932,Phil,Roberts,Male,37,England,Other,6-Sep,32063.76
100001933,Alan,Anderson,Male,33,England,White Collar,6-Sep,19294.37
200001934,Peter,Bailey,Male,61,Scotland,Blue Collar,6-Sep,56809.26
200001935,Sebastian,Johnston,Male,52,Scotland,Other,6-Sep,75743.08
200001936,Olivia,Payne,Female,49,Scotland,White Collar,6-Sep,2994.25
200001937,Ian,Hemmings,Male,34,Scotland,Other,6-Sep,68600.9
200001938,Wendy,Bailey,Female,42,Scotland,Other,6-Sep,38905.96
400001939,Richard,Dowd,Male,21,Northern Ireland,White Collar,6-Sep,10248.59
100001940,Simon,Parsons,Male,31,England,White Collar,7-Sep,17395.93
100001941,Katherine,Wilson,Female,41,England,White Collar,7-Sep,60069.88
100001942,Joseph,Payne,Male,50,England,White Collar,7-Sep,2470.52
100001943,Jonathan,Brown,Male,36,England,White Collar,7-Sep,8335.97
100001944,Sally,Greene,Female,23,England,White Collar,7-Sep,17247.7
100001945,David,McLean,Male,41,England,Blue Collar,7-Sep,89366.53
100001946,Ian,Glover,Male,40,England,Blue Collar,7-Sep,5106.86
100001947,Carolyn,Tucker,Female,37,England,White Collar,7-Sep,42737.83
100001948,Liam,Hughes,Male,31,England,White Collar,7-Sep,70156.16
100001949,Trevor,May,Male,29,England,White Collar,7-Sep,38139.7
200001950,Boris,McDonald,Male,37,Scotland,Blue Collar,7-Sep,18231.4
200001951,Alexander,Springer,Male,54,Scotland,Blue Collar,7-Sep,11561.43
300001952,Jasmine,Coleman,Female,33,Wales,White Collar,7-Sep,32106.88
300001953,Vanessa,Springer,Female,43,Wales,White Collar,7-Sep,78469.73
300001954,Gabrielle,Kerr,Female,35,Wales,White Collar,7-Sep,44438.94
300001955,Sarah,Scott,Female,41,Wales,Blue Collar,7-Sep,30822.55
300001956,Kylie,Sharp,Female,24,Wales,White Collar,7-Sep,55926.46
400001957,Simon,Lee,Male,33,Northern Ireland,Other,7-Sep,28681.8
100001958,Heather,Slater,Female,41,England,Blue Collar,8-Sep,105902.66
100001959,Max,Reid,Male,39,England,Other,8-Sep,20388.38
100001960,Olivia,Harris,Female,31,England,White Collar,8-Sep,130717.22
100001961,Justin,Langdon,Male,34,England,Other,8-Sep,7842.61
100001962,Justin,Paige,Male,48,England,White Collar,8-Sep,81684.68
200001963,Joshua,Smith,Male,53,Scotland,Other,8-Sep,11375.64
200001964,Nathan,Stewart,Male,42,Scotland,Blue Collar,8-Sep,43767.15
100001965,Joseph,Sharp,Male,37,England,White Collar,9-Sep,59940.45
100001966,Charles,Rampling,Male,37,England,Blue Collar,9-Sep,22841.56
100001967,Eric,Cameron,Male,31,England,Blue Collar,9-Sep,24958.04
100001968,Jack,Grant,Male,38,England,White Collar,9-Sep,62279.7
100001969,Sebastian,Lyman,Male,35,England,White Collar,9-Sep,33838.37
100001970,Joshua,Lewis,Male,34,England,Blue Collar,9-Sep,36464.31
100001971,Brandon,Duncan,Male,36,England,White Collar,9-Sep,46758.9
100001972,Amelia,Quinn,Female,39,England,White Collar,9-Sep,76736.41
100001973,Nathan,Ince,Male,41,England,White Collar,9-Sep,24924.42
200001974,Sarah,Hardacre,Female,56,Scotland,Other,9-Sep,14418.78
200001975,Jack,Kerr,Male,43,Scotland,Blue Collar,9-Sep,10301.71
200001976,Isaac,Coleman,Male,45,Scotland,Other,9-Sep,3927.15
200001977,Ryan,Dyer,Male,54,Scotland,Other,9-Sep,15269.36
300001978,Adrian,Ince,Male,28,Wales,White Collar,9-Sep,94767.31
300001979,Brandon,Dyer,Male,33,Wales,Blue Collar,9-Sep,121683.14
400001980,Harry,Hudson,Male,29,Northern Ireland,Blue Collar,9-Sep,33615.06
400001981,Wendy,Watson,Female,39,Northern Ireland,White Collar,9-Sep,76608.6
100001982,Simon,Sharp,Male,26,England,Blue Collar,10-Sep,15031.01
100001983,Alan,Gibson,Male,26,England,White Collar,10-Sep,91847.1
100001984,Michelle,Sharp,Female,39,England,White Collar,10-Sep,4157.79
100001985,Alan,Duncan,Male,34,England,White Collar,10-Sep,7149.43
100001986,Ian,Terry,Male,41,England,White Collar,10-Sep,1423.98
100001987,Andrew,Skinner,Male,27,England,Other,10-Sep,10223.59
100001988,Molly,White,Female,35,England,White Collar,10-Sep,46370.97
200001989,Hannah,Henderson,Female,48,Scotland,Other,10-Sep,40137.73
200001990,Evan,Kerr,Male,51,Scotland,Blue Collar,10-Sep,27770.8
200001991,Bernadette,Alsop,Female,45,Scotland,White Collar,10-Sep,42756.92
200001992,Jonathan,Pullman,Male,60,Scotland,Other,10-Sep,58058.81
200001993,Brian,Butler,Male,63,Scotland,Other,10-Sep,53004.65
200001994,Steven,Brown,Male,45,Scotland,Other,10-Sep,10473.26
200001995,Phil,Peters,Male,45,Scotland,Blue Collar,10-Sep,111961.53
300001996,Owen,Ball,Male,41,Wales,White Collar,10-Sep,4657.16
100001997,Ruth,Marshall,Female,42,England,White Collar,11-Sep,73121.32
100001998,Amelia,Howard,Female,30,England,White Collar,11-Sep,1839.84
100001999,Ian,Graham,Male,26,England,White Collar,11-Sep,80850.12
100002000,Edward,May,Male,39,England,White Collar,11-Sep,30475.64
100002001,Bernadette,Ince,Female,43,England,White Collar,11-Sep,57739.46
100002002,Jan,Blake,Female,30,England,White Collar,11-Sep,12356.64
100002003,Ruth,Kerr,Female,40,England,White Collar,11-Sep,50283.03
100002004,Maria,Rutherford,Female,28,England,White Collar,11-Sep,39275.12
100002005,Deirdre,Nash,Female,49,England,White Collar,11-Sep,1602.81
100002006,Keith,Wilson,Male,27,England,Other,11-Sep,36303.3
200002007,Adam,White,Male,51,Scotland,Other,11-Sep,16192.49
200002008,Ella,Clark,Female,49,Scotland,Other,11-Sep,62026.18
200002009,Simon,Sutherland,Male,52,Scotland,Other,11-Sep,35191.56
200002010,Connor,North,Male,50,Scotland,Other,11-Sep,172085.48
200002011,Hannah,Mackenzie,Female,53,Scotland,Other,11-Sep,56872.97
300002012,Jennifer,Allan,Female,19,Wales,Blue Collar,11-Sep,71036.74
400002013,Carl,Dickens,Male,18,Northern Ireland,White Collar,11-Sep,50457.71
400002014,Amy,Kerr,Female,31,Northern Ireland,Other,11-Sep,8261.2
400002015,Yvonne,Mills,Female,55,Northern Ireland,Other,11-Sep,55111.01
400002016,Jennifer,Newman,Female,36,Northern Ireland,Blue Collar,11-Sep,19799.42
100002017,Tim,Reid,Male,43,England,White Collar,12-Sep,11880.68
100002018,Neil,Chapman,Male,31,England,Blue Collar,12-Sep,9099.81
100002019,Grace,May,Female,34,England,Blue Collar,12-Sep,3279.7
100002020,Irene,Dowd,Female,25,England,White Collar,12-Sep,54930.04
100002021,Grace,Campbell,Female,38,England,White Collar,12-Sep,9071.71
100002022,Oliver,Poole,Male,37,England,White Collar,12-Sep,32591.02
100002023,James,Mills,Male,36,England,White Collar,12-Sep,45626.72
200002024,Connor,Poole,Male,51,Scotland,Blue Collar,12-Sep,50629.7
200002025,Dan,Forsyth,Male,58,Scotland,White Collar,12-Sep,139610.13
200002026,Megan,Greene,Female,44,Scotland,Other,12-Sep,19326.71
200002027,Heather,Smith,Female,52,Scotland,Blue Collar,12-Sep,97609.31
200002028,Jacob,Lee,Male,50,Scotland,Other,12-Sep,27043.73
200002029,Dominic,Dyer,Male,60,Scotland,Blue Collar,12-Sep,59183.23
200002030,James,Paterson,Male,46,Scotland,Blue Collar,12-Sep,47720.66
300002031,Piers,Piper,Male,22,Wales,White Collar,12-Sep,96018.25
300002032,Richard,Black,Male,31,Wales,Blue Collar,12-Sep,29371.32
300002033,Max,McGrath,Male,38,Wales,White Collar,12-Sep,63211.19
100002034,Gordon,Dowd,Male,43,England,White Collar,13-Sep,51578.31
100002035,Kevin,Rees,Male,29,England,White Collar,13-Sep,12258.48
100002036,Joanne,Terry,Female,37,England,Other,13-Sep,93845.6
100002037,Matt,Baker,Male,31,England,White Collar,13-Sep,88023.96
100002038,Alan,Butler,Male,29,England,Other,13-Sep,70086.82
200002039,Frank,Chapman,Male,58,Scotland,Blue Collar,13-Sep,20162.2
200002040,Steven,Langdon,Male,40,Scotland,White Collar,13-Sep,34944.91
200002041,Abigail,Fraser,Female,64,Scotland,Blue Collar,13-Sep,24729.53
200002042,Chloe,Rampling,Female,33,Scotland,Other,13-Sep,27833.06
200002043,Tim,Carr,Male,56,Scotland,Blue Collar,13-Sep,9249.08
300002044,Tracey,Lee,Female,34,Wales,Other,13-Sep,55297.13
300002045,Olivia,Kelly,Female,37,Wales,White Collar,13-Sep,16581.56
400002046,Megan,Hart,Female,19,Northern Ireland,Blue Collar,13-Sep,69.78
400002047,Peter,Campbell,Male,21,Northern Ireland,Blue Collar,13-Sep,16696.08
100002048,Sarah,Wilson,Female,37,England,White Collar,14-Sep,31435.65
100002049,Anne,Newman,Female,31,England,White Collar,14-Sep,70153.14
100002050,Elizabeth,Hart,Female,28,England,White Collar,14-Sep,82638.51
100002051,Gordon,Mackenzie,Male,40,England,White Collar,14-Sep,45671.3
100002052,Brian,Newman,Male,48,England,Blue Collar,14-Sep,62065.37
100002053,Brandon,Springer,Male,38,England,White Collar,14-Sep,98022.86
100002054,Rebecca,Vance,Female,34,England,White Collar,14-Sep,7520
100002055,Pippa,Forsyth,Female,26,England,White Collar,14-Sep,2849.16
200002056,Joshua,Carr,Male,64,Scotland,Other,14-Sep,14558.13
200002057,Peter,Vance,Male,50,Scotland,Blue Collar,14-Sep,42830.98
200002058,Simon,Wright,Male,47,Scotland,Blue Collar,14-Sep,32801
200002059,Nathan,Campbell,Male,47,Scotland,Blue Collar,14-Sep,26087.66
300002060,James,Smith,Male,34,Wales,White Collar,14-Sep,59292.42
100002061,Ryan,Piper,Male,33,England,Blue Collar,15-Sep,11150.82
100002062,Thomas,Johnston,Male,36,England,White Collar,15-Sep,59127.76
100002063,Sam,Carr,Male,36,England,White Collar,15-Sep,27584.04
100002064,Adam,Mills,Male,32,England,Other,15-Sep,22126.72
100002065,Victoria,Abraham,Female,29,England,Other,15-Sep,41897.53
100002066,Samantha,Pullman,Female,25,England,White Collar,15-Sep,21738.25
100002067,Benjamin,Davidson,Male,44,England,White Collar,15-Sep,65544.92
200002068,Brian,Cornish,Male,51,Scotland,Other,15-Sep,62064.73
200002069,Christian,Mathis,Male,54,Scotland,Blue Collar,15-Sep,41314.33
200002070,Jack,Sanderson,Male,53,Scotland,Blue Collar,15-Sep,121801.58
200002071,Diana,Gray,Female,51,Scotland,Other,15-Sep,55056.65
200002072,Wendy,Payne,Female,48,Scotland,Other,15-Sep,73328.32
300002073,Anna,Howard,Female,34,Wales,White Collar,15-Sep,22490.5
300002074,Fiona,Bower,Female,38,Wales,White Collar,15-Sep,86892.69
400002075,James,Welch,Male,27,Northern Ireland,White Collar,15-Sep,3331.8
100002076,Deirdre,Jackson,Female,29,England,White Collar,16-Sep,14661.25
100002077,David,Harris,Male,25,England,White Collar,16-Sep,2126.9
100002078,Anne,Lewis,Female,29,England,White Collar,16-Sep,17952.16
100002079,Sophie,Buckland,Female,39,England,White Collar,16-Sep,74240.48
100002080,Chloe,Thomson,Female,40,England,White Collar,16-Sep,72020.25
100002081,Alison,Edmunds,Female,39,England,White Collar,16-Sep,43546.78
100002082,Justin,Young,Male,32,England,White Collar,16-Sep,132536.87
100002083,Jason,Wallace,Male,34,England,White Collar,16-Sep,41060.69
100002084,Paul,Paterson,Male,47,England,Other,16-Sep,8300.29
100002085,Joshua,Randall,Male,41,England,Other,16-Sep,68193.25
100002086,Jane,Mathis,Female,32,England,White Collar,16-Sep,79292.15
100002087,Matt,Hemmings,Male,28,England,White Collar,16-Sep,53357.54
100002088,Phil,Miller,Male,34,England,Blue Collar,16-Sep,41924.07
100002089,Sam,Allan,Male,31,England,White Collar,16-Sep,59589.73
200002090,Connor,Newman,Male,32,Scotland,Blue Collar,16-Sep,3785.1
200002091,David,Cameron,Male,54,Scotland,Other,16-Sep,12749.4
200002092,Carl,Howard,Male,48,Scotland,Blue Collar,16-Sep,39883.56
200002093,Colin,Russell,Male,45,Scotland,Other,16-Sep,9207.62
200002094,Anthony,Marshall,Male,50,Scotland,Other,16-Sep,55396.83
100002095,Audrey,Sanderson,Female,36,England,White Collar,17-Sep,66084.12
100002096,Zoe,Miller,Female,39,England,White Collar,17-Sep,12748.71
100002097,Zoe,Cornish,Female,45,England,White Collar,17-Sep,1320.93
100002098,James,Slater,Male,28,England,White Collar,17-Sep,65994.32
200002099,Yvonne,Terry,Female,47,Scotland,Other,17-Sep,86073.84
200002100,Felicity,MacDonald,Female,44,Scotland,Other,17-Sep,44623.87
200002101,Lucas,Murray,Male,48,Scotland,Other,17-Sep,45705.24
200002102,Emily,Underwood,Female,44,Scotland,Other,17-Sep,33835.65
200002103,Jacob,Watson,Male,46,Scotland,Other,17-Sep,94781.97
200002104,Phil,Gray,Male,59,Scotland,White Collar,17-Sep,24989.82
200002105,Kevin,Nolan,Male,50,Scotland,Blue Collar,17-Sep,21417.49
300002106,Rebecca,McLean,Female,25,Wales,White Collar,17-Sep,74812.05
300002107,Lucas,Walsh,Male,27,Wales,Blue Collar,17-Sep,47857.14
400002108,Ava,Wilson,Female,29,Northern Ireland,Other,17-Sep,75395.32
400002109,Jennifer,Skinner,Female,27,Northern Ireland,White Collar,17-Sep,64714.44
100002110,Thomas,Newman,Male,33,England,Other,18-Sep,920.87
100002111,Deirdre,Lee,Female,37,England,White Collar,18-Sep,4909.99
100002112,Emily,Avery,Female,33,England,Blue Collar,18-Sep,16040.88
100002113,Karen,Wallace,Female,39,England,White Collar,18-Sep,45969.7
100002114,Sally,Churchill,Female,37,England,White Collar,18-Sep,12504.73
100002115,Joan,Springer,Female,38,England,White Collar,18-Sep,24729.58
100002116,Alan,Parr,Male,34,England,Blue Collar,18-Sep,18952.55
100002117,Frank,North,Male,36,England,White Collar,18-Sep,7441.87
100002118,Dominic,Chapman,Male,34,England,Other,18-Sep,68498.24
100002119,Emily,Bailey,Female,38,England,White Collar,18-Sep,95608.2
100002120,Fiona,Welch,Female,23,England,Other,18-Sep,42510.95
100002121,Nathan,Miller,Male,44,England,White Collar,18-Sep,918.56
200002122,Leah,Oliver,Female,47,Scotland,Other,18-Sep,38258.98
200002123,Boris,Bell,Male,32,Scotland,Blue Collar,18-Sep,33570.99
200002124,Michael,Alsop,Male,43,Scotland,Other,18-Sep,75563.64
200002125,Tracey,Greene,Female,62,Scotland,Other,18-Sep,110171.27
200002126,Simon,Kelly,Male,45,Scotland,Blue Collar,18-Sep,70491.38
300002127,Tracey,MacLeod,Female,38,Wales,Other,18-Sep,28968.33
300002128,Jessica,Morgan,Female,38,Wales,Other,18-Sep,23527.21
300002129,Amelia,Payne,Female,44,Wales,White Collar,18-Sep,45868.51
400002130,Amy,Ferguson,Female,32,Northern Ireland,Other,18-Sep,5908.97
100002131,Austin,Oliver,Male,36,England,Blue Collar,19-Sep,53759.89
100002132,Penelope,Bailey,Female,30,England,White Collar,19-Sep,106490.28
100002133,Michelle,Ferguson,Female,30,England,White Collar,19-Sep,59120.59
100002134,Stephanie,Nolan,Female,30,England,Blue Collar,19-Sep,8100.12
100002135,Connor,Bond,Male,27,England,Blue Collar,19-Sep,43117.33
100002136,Lisa,Dickens,Female,29,England,White Collar,19-Sep,65213.98
100002137,Amy,Lawrence,Female,21,England,Blue Collar,19-Sep,113673.32
100002138,Adrian,McDonald,Male,33,England,White Collar,19-Sep,7974.93
100002139,Luke,Mackenzie,Male,38,England,White Collar,19-Sep,59179.29
100002140,Penelope,Bell,Female,43,England,Other,19-Sep,38986.48
200002141,Kevin,Gill,Male,54,Scotland,White Collar,19-Sep,25605.83
200002142,Boris,Short,Male,46,Scotland,Blue Collar,19-Sep,68884.38
200002143,Luke,Martin,Male,40,Scotland,Other,19-Sep,37247.66
200002144,Gavin,Davies,Male,50,Scotland,Blue Collar,19-Sep,2311.31
200002145,Victor,Ince,Male,37,Scotland,Blue Collar,19-Sep,64601.54
200002146,Neil,Vance,Male,45,Scotland,Blue Collar,19-Sep,55276.13
200002147,Brian,Morgan,Male,63,Scotland,Blue Collar,19-Sep,15822.61
200002148,Hannah,Payne,Female,60,Scotland,Other,19-Sep,44430.94
200002149,Mary,MacLeod,Female,53,Scotland,Other,19-Sep,56122.61
300002150,Jasmine,Mitchell,Female,37,Wales,Other,19-Sep,15635.08
400002151,Adam,Skinner,Male,37,Northern Ireland,White Collar,19-Sep,117089.6
400002152,Jane,Baker,Female,27,Northern Ireland,Other,19-Sep,18601.06
400002153,Gordon,Abraham,Male,30,Northern Ireland,Other,19-Sep,83549.66
100002154,Virginia,Springer,Female,29,England,White Collar,20-Sep,40656.48
100002155,Dylan,Skinner,Male,36,England,White Collar,20-Sep,39384.83
100002156,Liam,Davies,Male,43,England,White Collar,20-Sep,5055.31
100002157,Colin,Bell,Male,28,England,Other,20-Sep,38926.37
200002158,William,McGrath,Male,61,Scotland,Other,20-Sep,32439.6
200002159,Michael,Smith,Male,31,Scotland,Blue Collar,20-Sep,18673.91
200002160,Zoe,Lawrence,Female,51,Scotland,Other,20-Sep,50115.25
200002161,Benjamin,Sanderson,Male,46,Scotland,Blue Collar,20-Sep,7532.32
300002162,Audrey,Peake,Female,35,Wales,White Collar,20-Sep,68176.38
300002163,Diana,Bailey,Female,43,Wales,White Collar,20-Sep,74452.61
300002164,Bella,Jones,Female,31,Wales,White Collar,20-Sep,61587.63
400002165,Adrian,Vaughan,Male,26,Northern Ireland,Other,20-Sep,26165.32
400002166,Molly,Kelly,Female,27,Northern Ireland,Blue Collar,20-Sep,1897.88
100002167,Stewart,Walker,Male,29,England,White Collar,21-Sep,76517.85
100002168,Maria,Bailey,Female,42,England,White Collar,21-Sep,5252.57
100002169,Ruth,Hudson,Female,27,England,White Collar,21-Sep,361.64
100002170,Boris,Avery,Male,32,England,White Collar,21-Sep,54090.91
100002171,Andrew,Walker,Male,33,England,White Collar,21-Sep,2710.9
100002172,Keith,Slater,Male,34,England,White Collar,21-Sep,14010.06
100002173,Jane,Turner,Female,28,England,White Collar,21-Sep,88090.32
100002174,Maria,McLean,Female,36,England,White Collar,21-Sep,48661.99
100002175,Owen,Dyer,Male,50,England,White Collar,21-Sep,50706.4
200002176,Lisa,Sharp,Female,28,Scotland,Blue Collar,21-Sep,39597.2
200002177,Blake,Terry,Male,41,Scotland,Blue Collar,21-Sep,61508.32
300002178,Julia,Glover,Female,55,Wales,White Collar,21-Sep,19547.39
300002179,Jessica,Sharp,Female,43,Wales,Blue Collar,21-Sep,9130.19
400002180,Audrey,Berry,Female,31,Northern Ireland,White Collar,21-Sep,20101.47
100002181,Blake,Turner,Male,32,England,White Collar,22-Sep,32529.22
100002182,Bella,Parsons,Female,36,England,White Collar,22-Sep,27081.12
100002183,Lillian,Bond,Female,33,England,White Collar,22-Sep,31896.91
100002184,Sam,Ince,Male,35,England,White Collar,22-Sep,33153.19
100002185,Owen,Ross,Male,32,England,White Collar,22-Sep,3103.61
200002186,Nicholas,White,Male,53,Scotland,Blue Collar,22-Sep,49225.7
200002187,Leah,Gibson,Female,46,Scotland,Other,22-Sep,13507.48
300002188,Mary,Murray,Female,28,Wales,Blue Collar,22-Sep,94793.04
300002189,Abigail,Wright,Female,29,Wales,White Collar,22-Sep,99557.72
100002190,Vanessa,Miller,Female,28,England,White Collar,23-Sep,11549.67
100002191,Edward,Cornish,Male,32,England,White Collar,23-Sep,64701.01
100002192,Warren,Alsop,Male,28,England,Other,23-Sep,78383.54
100002193,Owen,Quinn,Male,18,England,Blue Collar,23-Sep,62583.68
100002194,Alison,Nash,Female,45,England,Blue Collar,23-Sep,12508.07
100002195,Ava,Mackay,Female,26,England,White Collar,23-Sep,59155.94
100002196,Jasmine,Sutherland,Female,32,England,Blue Collar,23-Sep,50290.76
100002197,Sebastian,Churchill,Male,18,England,White Collar,23-Sep,840.88
100002198,Molly,Fisher,Female,20,England,White Collar,23-Sep,51904.56
100002199,Leah,Sutherland,Female,31,England,Other,23-Sep,73990.81
100002200,Phil,Davies,Male,27,England,White Collar,23-Sep,33355.25
100002201,Phil,Ross,Male,40,England,White Collar,23-Sep,37713.23
200002202,Jonathan,Baker,Male,49,Scotland,Blue Collar,23-Sep,20409.28
200002203,Warren,Gray,Male,43,Scotland,Blue Collar,23-Sep,33132.45
200002204,Joan,Howard,Female,44,Scotland,White Collar,23-Sep,36903.95
200002205,Michelle,Lyman,Female,47,Scotland,White Collar,23-Sep,29046.07
200002206,Kylie,Dowd,Female,55,Scotland,Other,23-Sep,77113.36
200002207,William,Forsyth,Male,54,Scotland,Blue Collar,23-Sep,76439.52
200002208,Nicholas,Graham,Male,56,Scotland,Blue Collar,23-Sep,10642.44
300002209,Jasmine,Henderson,Female,29,Wales,Blue Collar,23-Sep,7614.4
300002210,Steven,Burgess,Male,33,Wales,White Collar,23-Sep,44605.53
400002211,Amy,Graham,Female,27,Northern Ireland,Other,23-Sep,37985.87
400002212,Lily,Rees,Female,24,Northern Ireland,Other,23-Sep,66857.45
400002213,Claire,Martin,Female,27,Northern Ireland,Other,23-Sep,65095.97
100002214,Adrian,Hudson,Male,40,England,Other,24-Sep,15634.04
100002215,Harry,Lee,Male,33,England,White Collar,24-Sep,61877.87
100002216,Austin,McGrath,Male,40,England,White Collar,24-Sep,25921.92
100002217,Jason,Parr,Male,41,England,White Collar,24-Sep,26828.16
100002218,Jasmine,Turner,Female,29,England,White Collar,24-Sep,119118.39
100002219,Victoria,Underwood,Female,37,England,Blue Collar,24-Sep,54692.79
100002220,Dominic,Kerr,Male,26,England,White Collar,24-Sep,29265.97
100002221,Joseph,Lee,Male,37,England,White Collar,24-Sep,12160.79
100002222,Ava,Walsh,Female,46,England,White Collar,24-Sep,59642.17
100002223,Harry,Clarkson,Male,48,England,White Collar,24-Sep,53270.72
100002224,Megan,Hardacre,Female,39,England,White Collar,24-Sep,19383.54
100002225,Sarah,Morrison,Female,37,England,White Collar,24-Sep,14610.17
100002226,Chloe,Young,Female,31,England,White Collar,24-Sep,47381.87
100002227,Jason,Thomson,Male,46,England,White Collar,24-Sep,29407.63
100002228,Katherine,Marshall,Female,34,England,White Collar,24-Sep,41588.81
100002229,Alan,Buckland,Male,37,England,Blue Collar,24-Sep,30147.28
100002230,Mary,Hart,Female,22,England,White Collar,24-Sep,32946.72
100002231,Una,Paterson,Female,32,England,White Collar,24-Sep,37281.32
100002232,Sonia,Roberts,Female,33,England,Other,24-Sep,36709.9
100002233,Elizabeth,Cameron,Female,31,England,Blue Collar,24-Sep,63449.29
100002234,Heather,Hughes,Female,20,England,White Collar,24-Sep,17321.01
100002235,Dan,Gill,Male,40,England,White Collar,24-Sep,25417.31
100002236,Andrea,Rampling,Female,42,England,White Collar,24-Sep,17631.94
100002237,Sebastian,May,Male,36,England,White Collar,24-Sep,39028.74
100002238,Andrew,MacLeod,Male,34,England,White Collar,24-Sep,9197.04
100002239,Adam,Parsons,Male,34,England,White Collar,24-Sep,48947.83
100002240,Bernadette,Wilkins,Female,36,England,White Collar,24-Sep,33197.49
100002241,Harry,Hill,Male,37,England,White Collar,24-Sep,83804.88
100002242,Richard,Burgess,Male,31,England,White Collar,24-Sep,38361.91
100002243,Felicity,Arnold,Female,44,England,White Collar,24-Sep,27520.61
100002244,Sue,Arnold,Female,38,England,White Collar,24-Sep,5053.64
100002245,Thomas,Randall,Male,24,England,White Collar,24-Sep,52872.53
200002246,Samantha,Marshall,Female,52,Scotland,Blue Collar,24-Sep,43787.71
200002247,David,McLean,Male,43,Scotland,Other,24-Sep,8115.05
200002248,Warren,Kerr,Male,19,Scotland,Other,24-Sep,30691.82
200002249,Ruth,Knox,Female,52,Scotland,Other,24-Sep,65019.95
200002250,Ian,Metcalfe,Male,48,Scotland,Other,24-Sep,32709.97
200002251,Molly,Ball,Female,61,Scotland,Other,24-Sep,18880.99
200002252,Lucas,Short,Male,48,Scotland,Blue Collar,24-Sep,23726.79
200002253,Diana,Terry,Female,50,Scotland,Other,24-Sep,14835.01
200002254,Stephen,Carr,Male,45,Scotland,Blue Collar,24-Sep,64665.58
200002255,Jason,Pullman,Male,39,Scotland,Blue Collar,24-Sep,27726.59
200002256,Brian,Paige,Male,58,Scotland,Other,24-Sep,47114.02
200002257,Molly,Clark,Female,51,Scotland,Other,24-Sep,16321.85
200002258,Megan,Morgan,Female,50,Scotland,Other,24-Sep,31918.02
200002259,Alexander,Marshall,Male,42,Scotland,Blue Collar,24-Sep,54856.02
200002260,Jennifer,Forsyth,Female,43,Scotland,Other,24-Sep,10037.76
200002261,Neil,Alsop,Male,50,Scotland,Other,24-Sep,33161.08
200002262,Emily,Thomson,Female,50,Scotland,Other,24-Sep,28116.71
200002263,Madeleine,Russell,Female,61,Scotland,Blue Collar,24-Sep,48394.84
200002264,Leonard,Mills,Male,45,Scotland,Other,24-Sep,10508.74
300002265,Gabrielle,Allan,Female,25,Wales,White Collar,24-Sep,40535.16
300002266,Stewart,Alsop,Male,33,Wales,Other,24-Sep,38089.79
300002267,Anna,Tucker,Female,25,Wales,Other,24-Sep,5073.87
300002268,Evan,Dickens,Male,18,Wales,White Collar,24-Sep,27333.57
300002269,Gordon,Bell,Male,26,Wales,White Collar,24-Sep,58399.2
300002270,Neil,Lawrence,Male,35,Wales,White Collar,24-Sep,11552.18
300002271,Christian,Miller,Male,37,Wales,Other,24-Sep,40862.92
300002272,Boris,Graham,Male,22,Wales,Blue Collar,24-Sep,14748.59
300002273,Nathan,Wright,Male,46,Wales,Blue Collar,24-Sep,36919.09
300002274,Jason,Avery,Male,25,Wales,Other,24-Sep,41197.66
300002275,Olivia,Newman,Female,36,Wales,White Collar,24-Sep,84942.22
400002276,Irene,Sutherland,Female,27,Northern Ireland,White Collar,24-Sep,50798.78
400002277,Vanessa,McLean,Female,38,Northern Ireland,Other,24-Sep,13914.8
400002278,Pippa,Ball,Female,33,Northern Ireland,Other,24-Sep,133.75
400002279,Victoria,Slater,Female,29,Northern Ireland,Other,24-Sep,74348.45
400002280,Connor,Fisher,Male,29,Northern Ireland,Blue Collar,24-Sep,11180.72
100002281,Leah,Marshall,Female,49,England,White Collar,25-Sep,34393.8
100002282,Nathan,Clarkson,Male,32,England,White Collar,25-Sep,59321.49
100002283,Andrea,Burgess,Female,38,England,White Collar,25-Sep,96144.95
100002284,Michael,Lewis,Male,29,England,Blue Collar,25-Sep,34290.4
100002285,Sonia,Ball,Female,31,England,Other,25-Sep,4941.26
100002286,Wanda,Mackenzie,Female,28,England,White Collar,25-Sep,107083.15
100002287,Sophie,Welch,Female,36,England,Blue Collar,25-Sep,49350.39
100002288,Isaac,Dickens,Male,51,England,Blue Collar,25-Sep,56729.36
200002289,Stewart,Cornish,Male,42,Scotland,Blue Collar,25-Sep,82055.21
200002290,Nicholas,Metcalfe,Male,45,Scotland,White Collar,25-Sep,48333.09
200002291,Justin,Wallace,Male,36,Scotland,Blue Collar,25-Sep,15706.01
200002292,Gordon,Wright,Male,53,Scotland,Other,25-Sep,67521.26
200002293,Jacob,Mackay,Male,49,Scotland,Blue Collar,25-Sep,875.27
200002294,William,Morrison,Male,41,Scotland,Blue Collar,25-Sep,93395.64
200002295,Gavin,Hardacre,Male,52,Scotland,Other,25-Sep,27024.47
200002296,John,Forsyth,Male,45,Scotland,Blue Collar,25-Sep,10899.65
300002297,Jasmine,Rees,Female,30,Wales,White Collar,25-Sep,117809.44
300002298,Phil,Arnold,Male,37,Wales,Blue Collar,25-Sep,80824.89
400002299,Ella,McLean,Female,37,Northern Ireland,Blue Collar,25-Sep,59970.28
100002300,Phil,Jones,Male,34,England,White Collar,26-Sep,81376.19
100002301,Irene,Dyer,Female,36,England,White Collar,26-Sep,64555.12
100002302,Neil,Wright,Male,28,England,Other,26-Sep,11825.37
100002303,Lauren,Marshall,Female,45,England,Blue Collar,26-Sep,22420.34
100002304,Maria,Newman,Female,51,England,White Collar,26-Sep,80925.56
100002305,Joan,Fisher,Female,34,England,Other,26-Sep,22433.36
100002306,Luke,Lyman,Male,31,England,White Collar,26-Sep,116522.47
100002307,Nicola,Gray,Female,43,England,White Collar,26-Sep,106071.02
200002308,Adam,Dowd,Male,49,Scotland,Blue Collar,26-Sep,75620.5
200002309,Caroline,Carr,Female,45,Scotland,Other,26-Sep,71299.84
200002310,Isaac,Paige,Male,48,Scotland,White Collar,26-Sep,54081.03
200002311,Kevin,Howard,Male,64,Scotland,Blue Collar,26-Sep,10325.52
200002312,Jason,Quinn,Male,53,Scotland,Blue Collar,26-Sep,65464.91
200002313,Christopher,Ferguson,Male,45,Scotland,Other,26-Sep,77140.53
300002314,Hannah,Hill,Female,20,Wales,White Collar,26-Sep,32823.6
300002315,Rachel,Morgan,Female,35,Wales,Blue Collar,26-Sep,80558.45
300002316,Jan,Randall,Female,34,Wales,White Collar,26-Sep,14009.77
400002317,Amanda,Newman,Female,19,Northern Ireland,Blue Collar,26-Sep,63979.4
400002318,Natalie,Vaughan,Female,31,Northern Ireland,Other,26-Sep,27667.95
400002319,Karen,Butler,Female,40,Northern Ireland,White Collar,26-Sep,6540.58
100002320,Blake,Brown,Male,27,England,White Collar,27-Sep,54644.32
100002321,Mary,Graham,Female,46,England,White Collar,27-Sep,26572.57
100002322,Audrey,Piper,Female,43,England,White Collar,27-Sep,7835.46
100002323,Charles,Glover,Male,40,England,Blue Collar,27-Sep,71368.77
100002324,Anthony,Rutherford,Male,37,England,Other,27-Sep,6031.79
100002325,Lily,Sutherland,Female,45,England,Other,27-Sep,68291.36
100002326,Caroline,Bond,Female,45,England,White Collar,27-Sep,59349.16
100002327,Adrian,Ross,Male,31,England,White Collar,27-Sep,12395.4
100002328,Jennifer,Rampling,Female,37,England,Blue Collar,27-Sep,25978.37
200002329,Claire,Nolan,Female,53,Scotland,Other,27-Sep,41704.56
200002330,Andrew,Lewis,Male,58,Scotland,Other,27-Sep,58713.96
200002331,Harry,James,Male,52,Scotland,Blue Collar,27-Sep,64059.71
200002332,Warren,Quinn,Male,54,Scotland,Blue Collar,27-Sep,34782.54
200002333,Carl,Ellison,Male,50,Scotland,Blue Collar,27-Sep,3246.67
300002334,Joe,Nolan,Male,33,Wales,Blue Collar,27-Sep,108674.69
300002335,Benjamin,Howard,Male,36,Wales,White Collar,27-Sep,144209.77
300002336,Heather,Buckland,Female,27,Wales,White Collar,27-Sep,33122.15
400002337,Victoria,Powell,Female,40,Northern Ireland,White Collar,27-Sep,40064.67
100002338,Michael,Langdon,Male,40,England,Blue Collar,28-Sep,29733.42
100002339,Deirdre,May,Female,31,England,Other,28-Sep,107268.59
100002340,William,Graham,Male,37,England,White Collar,28-Sep,34070.86
100002341,Dominic,Black,Male,41,England,Other,28-Sep,10486.23
100002342,Hannah,Russell,Female,30,England,Blue Collar,28-Sep,13717.09
100002343,Theresa,Ferguson,Female,31,England,White Collar,28-Sep,12498.12
100002344,Stephanie,Gray,Female,22,England,White Collar,28-Sep,84123.93
100002345,John,Terry,Male,45,England,White Collar,28-Sep,73668.49
100002346,Kylie,Davidson,Female,29,England,White Collar,28-Sep,103942.23
100002347,Leonard,Lee,Male,50,England,White Collar,28-Sep,26318.03
100002348,Benjamin,Payne,Male,41,England,White Collar,28-Sep,71079.13
200002349,Christian,Mackenzie,Male,59,Scotland,Blue Collar,28-Sep,68406.24
200002350,Gavin,Jones,Male,47,Scotland,Blue Collar,28-Sep,14273.21
200002351,Amelia,Short,Female,55,Scotland,Other,28-Sep,12232.83
200002352,Owen,Marshall,Male,37,Scotland,Blue Collar,28-Sep,91884.77
200002353,Leonard,Lyman,Male,64,Scotland,Blue Collar,28-Sep,139415.88
200002354,Blake,Nolan,Male,45,Scotland,Blue Collar,28-Sep,91759.2
200002355,Molly,Buckland,Female,38,Scotland,Other,28-Sep,69556.06
200002356,Chloe,Sanderson,Female,59,Scotland,Other,28-Sep,6674.7
200002357,Katherine,Lambert,Female,58,Scotland,Other,28-Sep,53914.11
200002358,Simon,Churchill,Male,61,Scotland,Blue Collar,28-Sep,19128.02
300002359,Theresa,Bailey,Female,32,Wales,Other,28-Sep,19954.05
400002360,Molly,Mackenzie,Female,35,Northern Ireland,Other,28-Sep,77091.37
400002361,Peter,Bailey,Male,41,Northern Ireland,White Collar,28-Sep,85187.91
100002362,Melanie,Hodges,Female,33,England,White Collar,29-Sep,4575
100002363,Heather,Sutherland,Female,30,England,White Collar,29-Sep,78128.45
100002364,Amy,McDonald,Female,35,England,White Collar,29-Sep,16080.85
100002365,Sam,Hunter,Male,49,England,Other,29-Sep,4735.8
100002366,Stephen,Oliver,Male,31,England,White Collar,29-Sep,36528.38
100002367,Ryan,Mackenzie,Male,34,England,Blue Collar,29-Sep,135158.19
100002368,Gavin,Morgan,Male,37,England,White Collar,29-Sep,91665.23
100002369,Warren,Glover,Male,26,England,White Collar,29-Sep,61577.15
100002370,Madeleine,Avery,Female,32,England,White Collar,29-Sep,19995.78
100002371,Jonathan,Kelly,Male,33,England,White Collar,29-Sep,23676.73
100002372,Faith,Berry,Female,26,England,White Collar,29-Sep,13836.11
100002373,Piers,Greene,Male,34,England,Blue Collar,29-Sep,30792.03
200002374,Connor,King,Male,38,Scotland,Blue Collar,29-Sep,43582.09
200002375,Stewart,Mackenzie,Male,45,Scotland,Other,29-Sep,64592.88
200002376,Paul,Murray,Male,43,Scotland,Blue Collar,29-Sep,57784.39
200002377,Simon,Gray,Male,46,Scotland,White Collar,29-Sep,12483.24
200002378,Charles,Avery,Male,58,Scotland,Other,29-Sep,7185.59
200002379,Isaac,Lambert,Male,43,Scotland,Blue Collar,29-Sep,21251.76
300002380,Claire,James,Female,39,Wales,White Collar,29-Sep,100130.71
400002381,Hannah,Short,Female,43,Northern Ireland,Other,29-Sep,21607.48
400002382,Audrey,Knox,Female,24,Northern Ireland,Other,29-Sep,899.97
400002383,Amy,Fisher,Female,24,Northern Ireland,White Collar,29-Sep,17347.52
100002384,Jessica,Jackson,Female,33,England,White Collar,30-Sep,30454.03
100002385,Jake,Bell,Male,28,England,White Collar,30-Sep,73793.66
100002386,Andrea,Hudson,Female,46,England,White Collar,30-Sep,112571.21
100002387,Richard,Hudson,Male,29,England,White Collar,30-Sep,58720.19
100002388,Theresa,Lewis,Female,38,England,Blue Collar,30-Sep,3761.07
100002389,Felicity,Oliver,Female,45,England,Other,30-Sep,12247.62
100002390,Penelope,Dowd,Female,45,England,White Collar,30-Sep,123159.76
100002391,Gordon,Russell,Male,29,England,White Collar,30-Sep,9979.14
100002392,Colin,Newman,Male,30,England,Other,30-Sep,20821.23
200002393,Warren,Bond,Male,40,Scotland,Blue Collar,30-Sep,64487.05
200002394,Anna,Oliver,Female,44,Scotland,Other,30-Sep,24636.06
200002395,Alexander,Hudson,Male,45,Scotland,Other,30-Sep,81068.1
200002396,Ian,Black,Male,57,Scotland,Blue Collar,30-Sep,49358.43
200002397,Paul,Nash,Male,50,Scotland,Blue Collar,30-Sep,34740.16
200002398,Isaac,Paige,Male,55,Scotland,Blue Collar,30-Sep,28781.46
200002399,Wendy,Ferguson,Female,57,Scotland,Other,30-Sep,4025.97
300002400,Alexandra,Butler,Female,36,Wales,Blue Collar,30-Sep,15245.28
400002401,Wanda,Peters,Female,21,Northern Ireland,Other,30-Sep,50686.07
100002402,Jack,Lambert,Male,47,England,White Collar,1-Oct,8964.65
100002403,Gavin,Lyman,Male,33,England,White Collar,1-Oct,13036.35
100002404,Sean,Duncan,Male,43,England,White Collar,1-Oct,31840.24
100002405,Katherine,Hudson,Female,34,England,White Collar,1-Oct,48696.83
100002406,Grace,Ince,Female,32,England,White Collar,1-Oct,31675.17
100002407,Gordon,Ball,Male,34,England,Blue Collar,1-Oct,21360.89
100002408,Oliver,Short,Male,29,England,White Collar,1-Oct,5564.99
200002409,Alan,Peters,Male,53,Scotland,Blue Collar,1-Oct,43276.26
200002410,Anthony,Robertson,Male,52,Scotland,Blue Collar,1-Oct,47271.67
200002411,Angela,Paterson,Female,56,Scotland,Other,1-Oct,10029.71
200002412,David,Parsons,Male,54,Scotland,Blue Collar,1-Oct,34987.42
200002413,Lillian,Payne,Female,51,Scotland,Other,1-Oct,5467.19
100002414,Luke,Grant,Male,37,England,White Collar,2-Oct,28809.98
100002415,Sue,King,Female,41,England,Other,2-Oct,19938.81
100002416,Sophie,Nash,Female,32,England,White Collar,2-Oct,50111.16
100002417,Anna,Campbell,Female,34,England,White Collar,2-Oct,24006.93
100002418,Oliver,Hunter,Male,38,England,Other,2-Oct,59261.81
100002419,Diane,Ellison,Female,33,England,White Collar,2-Oct,46035.81
100002420,Molly,Grant,Female,42,England,White Collar,2-Oct,14989.3
100002421,Richard,Avery,Male,28,England,White Collar,2-Oct,14448.61
100002422,Benjamin,Newman,Male,28,England,White Collar,2-Oct,23076.43
100002423,Brandon,Vaughan,Male,33,England,White Collar,2-Oct,48286.35
100002424,Wendy,Clarkson,Female,41,England,Blue Collar,2-Oct,964.1
100002425,Colin,Lyman,Male,31,England,Blue Collar,2-Oct,79314.11
200002426,Gavin,McLean,Male,48,Scotland,Blue Collar,2-Oct,54817.88
200002427,Stephanie,Randall,Female,40,Scotland,Other,2-Oct,36530.74
300002428,Keith,Underwood,Male,36,Wales,White Collar,2-Oct,23291.89
100002429,Diana,Alsop,Female,43,England,White Collar,3-Oct,42972.72
100002430,Tim,Hunter,Male,36,England,White Collar,3-Oct,22675.26
100002431,Julian,Lambert,Male,40,England,White Collar,3-Oct,12622.63
100002432,Wanda,Bell,Female,43,England,White Collar,3-Oct,23251.07
100002433,Fiona,Lambert,Female,45,England,White Collar,3-Oct,53536.19
100002434,Alexander,Nash,Male,32,England,White Collar,3-Oct,16127.3
100002435,Boris,Arnold,Male,36,England,White Collar,3-Oct,43882.44
100002436,Sean,Mitchell,Male,40,England,White Collar,3-Oct,7741.38
100002437,Phil,Jackson,Male,33,England,White Collar,3-Oct,39625
100002438,Grace,Hardacre,Female,30,England,White Collar,3-Oct,138086.22
100002439,Eric,Smith,Male,42,England,White Collar,3-Oct,32973.73
100002440,Bella,Bower,Female,28,England,White Collar,3-Oct,76304.75
200002441,Justin,Knox,Male,26,Scotland,Blue Collar,3-Oct,69903.96
200002442,Blake,Forsyth,Male,52,Scotland,Blue Collar,3-Oct,40011.42
200002443,John,Mathis,Male,58,Scotland,Blue Collar,3-Oct,31082.12
200002444,Christian,Graham,Male,47,Scotland,Other,3-Oct,87669.32
200002445,Carolyn,Cornish,Female,48,Scotland,Other,3-Oct,12405.42
200002446,Christian,Davidson,Male,50,Scotland,Blue Collar,3-Oct,21885.91
200002447,Justin,Sanderson,Male,58,Scotland,Blue Collar,3-Oct,13230.47
300002448,Stephen,Piper,Male,41,Wales,Blue Collar,3-Oct,32837.02
100002449,John,MacDonald,Male,27,England,Blue Collar,4-Oct,7385.38
100002450,Amy,Hill,Female,42,England,Other,4-Oct,10562.39
100002451,Warren,Metcalfe,Male,41,England,White Collar,4-Oct,54256.9
100002452,Rebecca,Gill,Female,25,England,Blue Collar,4-Oct,5490.74
100002453,Wendy,Skinner,Female,34,England,White Collar,4-Oct,10594.11
100002454,Connor,Short,Male,47,England,White Collar,4-Oct,53788.44
100002455,Ruth,Chapman,Female,28,England,White Collar,4-Oct,19866.92
100002456,Cameron,Cameron,Male,44,England,Other,4-Oct,54062.08
100002457,Joseph,Rees,Male,39,England,Blue Collar,4-Oct,9947.41
100002458,Wanda,Wallace,Female,38,England,White Collar,4-Oct,67842.28
100002459,Peter,James,Male,37,England,White Collar,4-Oct,19014.05
100002460,John,Clarkson,Male,22,England,White Collar,4-Oct,781.84
100002461,Robert,Walker,Male,34,England,White Collar,4-Oct,99934.82
200002462,Melanie,Miller,Female,49,Scotland,White Collar,4-Oct,64721.73
200002463,Nicola,Dyer,Female,53,Scotland,Other,4-Oct,7887.99
100002464,Emily,Mackenzie,Female,36,England,White Collar,5-Oct,51614.58
100002465,Amy,Jones,Female,34,England,White Collar,5-Oct,9286.99
100002466,Virginia,Skinner,Female,27,England,Blue Collar,5-Oct,3471.22
100002467,Mary,Brown,Female,35,England,Blue Collar,5-Oct,39047.45
100002468,Robert,Mills,Male,42,England,White Collar,5-Oct,368.53
100002469,Frank,Powell,Male,22,England,White Collar,5-Oct,66480.85
200002470,Adam,Bell,Male,61,Scotland,Other,5-Oct,35341.04
300002471,Kimberly,MacDonald,Female,44,Wales,Other,5-Oct,1884.22
400002472,Jane,Wilson,Female,46,Northern Ireland,Other,5-Oct,44875.11
100002473,Jake,Churchill,Male,31,England,Blue Collar,6-Oct,56801.98
100002474,Chloe,Powell,Female,22,England,Blue Collar,6-Oct,2301.9
100002475,Diane,Newman,Female,25,England,White Collar,6-Oct,29770.55
100002476,Nathan,Graham,Male,47,England,White Collar,6-Oct,63746.78
100002477,Trevor,Wilson,Male,26,England,White Collar,6-Oct,81489.43
100002478,Diane,May,Female,38,England,Other,6-Oct,37142.39
100002479,Andrew,Oliver,Male,37,England,White Collar,6-Oct,27526.79
100002480,Deirdre,Mackay,Female,27,England,Blue Collar,6-Oct,115220.03
100002481,Julia,Stewart,Female,25,England,Blue Collar,6-Oct,31113.33
100002482,Yvonne,Poole,Female,20,England,White Collar,6-Oct,74880.21
200002483,Heather,Brown,Female,45,Scotland,Other,6-Oct,24993.27
200002484,Warren,Rutherford,Male,50,Scotland,Blue Collar,6-Oct,1566.53
200002485,Heather,King,Female,53,Scotland,Other,6-Oct,12769.93
200002486,Rebecca,Hunter,Female,52,Scotland,Other,6-Oct,6222.21
200002487,Trevor,Dyer,Male,58,Scotland,Blue Collar,6-Oct,51723.62
300002488,Simon,Hardacre,Male,42,Wales,White Collar,6-Oct,5436
300002489,Andrew,Tucker,Male,37,Wales,White Collar,6-Oct,13005.94
300002490,Max,Parr,Male,31,Wales,Blue Collar,6-Oct,40081.67
300002491,Emma,Campbell,Female,24,Wales,Blue Collar,6-Oct,16527
300002492,Maria,Wright,Female,36,Wales,White Collar,6-Oct,1576.57
100002493,Carol,Hart,Female,43,England,Blue Collar,7-Oct,20996.83
100002494,Samantha,Nolan,Female,38,England,White Collar,7-Oct,33589.65
100002495,Oliver,Rees,Male,30,England,White Collar,7-Oct,54432.83
100002496,Jacob,Edmunds,Male,37,England,White Collar,7-Oct,24607.65
100002497,Yvonne,Parsons,Female,36,England,White Collar,7-Oct,111371.69
100002498,Carl,Langdon,Male,30,England,White Collar,7-Oct,40488.29
200002499,Alexander,May,Male,32,Scotland,Blue Collar,7-Oct,701.13
200002500,Joshua,Nash,Male,56,Scotland,Blue Collar,7-Oct,21196.37
200002501,Warren,Ferguson,Male,59,Scotland,Blue Collar,7-Oct,690.99
300002502,Jane,MacLeod,Female,26,Wales,White Collar,7-Oct,37590.69
100002503,Alexander,Welch,Male,28,England,Blue Collar,8-Oct,102952.98
100002504,Amelia,Powell,Female,35,England,Other,8-Oct,42162.2
100002505,John,Springer,Male,46,England,Blue Collar,8-Oct,22318.08
100002506,Austin,Hemmings,Male,41,England,White Collar,8-Oct,28479.51
100002507,Natalie,Howard,Female,42,England,White Collar,8-Oct,55193.59
100002508,Gavin,Sutherland,Male,42,England,White Collar,8-Oct,33299.64
100002509,Nicholas,Butler,Male,30,England,Blue Collar,8-Oct,2603.66
100002510,Sam,Parr,Male,37,England,Blue Collar,8-Oct,28386.21
100002511,Dylan,Hughes,Male,37,England,Other,8-Oct,8819.9
100002512,Vanessa,Alsop,Female,41,England,White Collar,8-Oct,36174.14
100002513,Lillian,Hunter,Female,31,England,White Collar,8-Oct,10512.25
200002514,Warren,Rutherford,Male,62,Scotland,Blue Collar,8-Oct,83595.79
200002515,Christian,Miller,Male,46,Scotland,Other,8-Oct,76601.08
200002516,Dominic,Sanderson,Male,54,Scotland,Blue Collar,8-Oct,96359.91
200002517,Michelle,Clark,Female,60,Scotland,Other,8-Oct,47942.04
200002518,Jack,Rees,Male,44,Scotland,Blue Collar,8-Oct,6697.68
200002519,Colin,Randall,Male,52,Scotland,Blue Collar,8-Oct,675.08
300002520,Amanda,Bell,Female,44,Wales,White Collar,8-Oct,94722.42
400002521,Penelope,Parsons,Female,20,Northern Ireland,Other,8-Oct,9707.95
400002522,Abigail,Reid,Female,40,Northern Ireland,Blue Collar,8-Oct,58691.17
100002523,Jake,May,Male,40,England,Blue Collar,9-Oct,41371.52
100002524,Megan,Mathis,Female,31,England,White Collar,9-Oct,20953.3
100002525,Nicholas,Hunter,Male,33,England,Blue Collar,9-Oct,12798.63
100002526,Diana,McGrath,Female,34,England,White Collar,9-Oct,30002.9
100002527,Owen,Scott,Male,27,England,White Collar,9-Oct,8121.14
100002528,Steven,Cameron,Male,34,England,White Collar,9-Oct,3014.85
100002529,Sally,Wilkins,Female,36,England,White Collar,9-Oct,24177.3
100002530,Megan,Abraham,Female,39,England,White Collar,9-Oct,33703.11
100002531,Bella,Dowd,Female,38,England,White Collar,9-Oct,35992.01
100002532,Colin,Campbell,Male,30,England,White Collar,9-Oct,20362.27
200002533,Evan,Reid,Male,47,Scotland,Blue Collar,9-Oct,17274.32
200002534,Fiona,Scott,Female,52,Scotland,Blue Collar,9-Oct,34890.3
200002535,Evan,Paige,Male,60,Scotland,Blue Collar,9-Oct,11663.35
200002536,Victor,Black,Male,54,Scotland,Blue Collar,9-Oct,96381.84
300002537,Sean,Powell,Male,39,Wales,Other,9-Oct,3575.21
300002538,Vanessa,Blake,Female,38,Wales,White Collar,9-Oct,30345.62
300002539,Julian,Mackay,Male,35,Wales,Other,9-Oct,136365.52
400002540,Deirdre,Lyman,Female,30,Northern Ireland,Other,9-Oct,60385.3
400002541,Alexandra,Clarkson,Female,31,Northern Ireland,White Collar,9-Oct,48247.85
100002542,William,Arnold,Male,37,England,White Collar,10-Oct,118379.33
100002543,Sally,Poole,Female,19,England,White Collar,10-Oct,37946.24
100002544,Kevin,Arnold,Male,33,England,Blue Collar,10-Oct,4706.69
100002545,Tim,Brown,Male,36,England,White Collar,10-Oct,41643.52
100002546,Dan,Thomson,Male,48,England,Other,10-Oct,39445.7
100002547,Amanda,Hart,Female,25,England,White Collar,10-Oct,41415.13
200002548,Steven,Arnold,Male,52,Scotland,Blue Collar,10-Oct,34118.28
300002549,Leonard,Black,Male,39,Wales,White Collar,10-Oct,28142.18
400002550,Lily,Baker,Female,23,Northern Ireland,Other,10-Oct,55821.07
400002551,Olivia,Chapman,Female,43,Northern Ireland,Other,10-Oct,29990.71
100002552,Megan,Churchill,Female,24,England,White Collar,11-Oct,27806.65
100002553,Stephanie,Peters,Female,31,England,White Collar,11-Oct,5062.51
100002554,Dominic,Bailey,Male,24,England,Blue Collar,11-Oct,5396.97
100002555,Dorothy,Payne,Female,31,England,White Collar,11-Oct,87684.33
100002556,Ella,Langdon,Female,29,England,White Collar,11-Oct,9622.64
100002557,Jessica,Lawrence,Female,25,England,White Collar,11-Oct,20412.43
100002558,Matt,Miller,Male,30,England,White Collar,11-Oct,23025.61
100002559,Theresa,Nolan,Female,32,England,White Collar,11-Oct,31476.35
100002560,Leonard,James,Male,29,England,White Collar,11-Oct,11246.02
100002561,Ruth,Peters,Female,21,England,White Collar,11-Oct,14599.55
100002562,Nicholas,Powell,Male,48,England,White Collar,11-Oct,3961.9
200002563,Sophie,Davies,Female,59,Scotland,White Collar,11-Oct,28221.97
200002564,Leah,North,Female,54,Scotland,Other,11-Oct,40691.52
200002565,Dylan,Hemmings,Male,50,Scotland,Blue Collar,11-Oct,34772.99
300002566,William,Piper,Male,30,Wales,Blue Collar,11-Oct,42008.82
300002567,Amanda,Dowd,Female,46,Wales,White Collar,11-Oct,54711.28
300002568,Boris,Chapman,Male,27,Wales,White Collar,11-Oct,99502.56
400002569,Adrian,Mills,Male,28,Northern Ireland,Blue Collar,11-Oct,33551.51
100002570,Dan,Rampling,Male,39,England,White Collar,12-Oct,53388.21
100002571,Tim,Greene,Male,41,England,White Collar,12-Oct,14800.36
100002572,Dorothy,Coleman,Female,32,England,White Collar,12-Oct,89329.33
100002573,Ian,Gibson,Male,32,England,White Collar,12-Oct,44978.01
100002574,Maria,Gibson,Female,34,England,White Collar,12-Oct,51621.8
100002575,Andrew,MacDonald,Male,31,England,White Collar,12-Oct,26913.26
100002576,Ava,Henderson,Female,39,England,Blue Collar,12-Oct,21924.56
100002577,Chloe,Vance,Female,37,England,White Collar,12-Oct,47843.83
100002578,Maria,Taylor,Female,40,England,White Collar,12-Oct,1949.08
200002579,Isaac,Wright,Male,46,Scotland,Blue Collar,12-Oct,94688.11
200002580,Harry,Greene,Male,61,Scotland,Other,12-Oct,42472.71
200002581,Keith,May,Male,44,Scotland,Blue Collar,12-Oct,23676.9
300002582,Sonia,Piper,Female,23,Wales,White Collar,12-Oct,65640.07
300002583,Caroline,Sanderson,Female,36,Wales,White Collar,12-Oct,35852.79
300002584,Yvonne,Slater,Female,32,Wales,White Collar,12-Oct,51208.53
400002585,Zoe,Welch,Female,29,Northern Ireland,Blue Collar,12-Oct,13733.52
100002586,Alexandra,Forsyth,Female,43,England,White Collar,13-Oct,14523.72
100002587,Adrian,Terry,Male,33,England,White Collar,13-Oct,9987.42
100002588,Emma,Jones,Female,39,England,White Collar,13-Oct,62902.54
100002589,Mary,Oliver,Female,41,England,Blue Collar,13-Oct,45505.77
100002590,Ian,Quinn,Male,35,England,White Collar,13-Oct,76480.41
100002591,Lauren,Tucker,Female,30,England,Blue Collar,13-Oct,27944.23
100002592,Jessica,Vance,Female,34,England,White Collar,13-Oct,17928.42
100002593,Emily,Allan,Female,35,England,White Collar,13-Oct,2120.44
100002594,Gavin,Metcalfe,Male,34,England,White Collar,13-Oct,17007.15
100002595,Wendy,Lee,Female,24,England,White Collar,13-Oct,2590.6
100002596,Karen,Reid,Female,32,England,White Collar,13-Oct,27985.76
200002597,Alan,Walker,Male,43,Scotland,Other,13-Oct,9546.56
200002598,Sean,Cornish,Male,52,Scotland,Other,13-Oct,45992.16
200002599,Sebastian,Simpson,Male,51,Scotland,White Collar,13-Oct,24745.8
200002600,Ian,Hodges,Male,55,Scotland,Other,13-Oct,74534.05
200002601,Jake,McGrath,Male,58,Scotland,Blue Collar,13-Oct,128259.93
200002602,Julian,Martin,Male,44,Scotland,Blue Collar,13-Oct,65479.32
300002603,Theresa,Graham,Female,33,Wales,White Collar,13-Oct,53133.68
300002604,Jasmine,Newman,Female,31,Wales,Other,13-Oct,14961.53
400002605,Jan,Murray,Female,22,Northern Ireland,Other,13-Oct,18299.03
100002606,Michael,Johnston,Male,29,England,White Collar,14-Oct,36582.31
100002607,Ruth,Brown,Female,25,England,White Collar,14-Oct,23571.9
100002608,Steven,Underwood,Male,38,England,White Collar,14-Oct,90250.17
100002609,Audrey,Hunter,Female,40,England,Other,14-Oct,1795.2
100002610,Adrian,Randall,Male,40,England,White Collar,14-Oct,38282.11
100002611,Jason,Ferguson,Male,38,England,Blue Collar,14-Oct,83131.72
100002612,Warren,Avery,Male,28,England,White Collar,14-Oct,12028.2
200002613,Blake,Cornish,Male,60,Scotland,Blue Collar,14-Oct,23011.89
200002614,Adrian,Powell,Male,44,Scotland,Blue Collar,14-Oct,18393.7
300002615,Jacob,Cameron,Male,31,Wales,Blue Collar,14-Oct,56035.34
300002616,Gordon,Anderson,Male,36,Wales,Blue Collar,14-Oct,56449.04
300002617,Paul,Langdon,Male,35,Wales,White Collar,14-Oct,12813.83
400002618,Alison,McGrath,Female,28,Northern Ireland,Other,14-Oct,133050.09
100002619,Kimberly,Parr,Female,35,England,Other,15-Oct,104867.33
100002620,Rachel,Blake,Female,31,England,Other,15-Oct,81245.5
100002621,Evan,North,Male,43,England,Blue Collar,15-Oct,2965.82
100002622,Alison,Jones,Female,29,England,Other,15-Oct,68344.02
100002623,Anne,Arnold,Female,45,England,White Collar,15-Oct,81370.16
100002624,Stephen,Murray,Male,38,England,Blue Collar,15-Oct,6958.19
100002625,Leonard,Sutherland,Male,33,England,White Collar,15-Oct,32247.97
100002626,Heather,Fisher,Female,35,England,White Collar,15-Oct,10708.34
100002627,John,Wright,Male,47,England,White Collar,15-Oct,39124.62
100002628,Grace,Henderson,Female,46,England,White Collar,15-Oct,45737.65
100002629,Matt,Poole,Male,24,England,White Collar,15-Oct,56070.28
200002630,Victoria,Young,Female,54,Scotland,White Collar,15-Oct,16332.53
200002631,Nicholas,Knox,Male,46,Scotland,Blue Collar,15-Oct,50945.1
200002632,Joseph,Johnston,Male,41,Scotland,Blue Collar,15-Oct,25407.37
200002633,Faith,Dowd,Female,51,Scotland,Blue Collar,15-Oct,24237.4
200002634,Paul,Sanderson,Male,57,Scotland,Other,15-Oct,139509.54
300002635,Tim,Coleman,Male,41,Wales,Other,15-Oct,60076.55
300002636,Jasmine,Dyer,Female,38,Wales,White Collar,15-Oct,27284.71
300002637,Jacob,Parsons,Male,39,Wales,Blue Collar,15-Oct,5201.79
400002638,Jennifer,Sanderson,Female,15,Northern Ireland,White Collar,15-Oct,12548.21
100002639,Lauren,Paige,Female,22,England,White Collar,16-Oct,73415.97
100002640,Rebecca,Russell,Female,42,England,Blue Collar,16-Oct,46452.14
100002641,Carolyn,Paige,Female,40,England,White Collar,16-Oct,52735.66
100002642,Adrian,Brown,Male,38,England,Other,16-Oct,40414.88
100002643,Nicholas,Stewart,Male,28,England,White Collar,16-Oct,47740.27
100002644,Carolyn,Wright,Female,36,England,White Collar,16-Oct,52050.39
100002645,Anne,Bell,Female,39,England,White Collar,16-Oct,73238.04
100002646,Warren,Gill,Male,37,England,White Collar,16-Oct,10911.82
100002647,Joshua,Hemmings,Male,39,England,White Collar,16-Oct,30238.1
200002648,Nicholas,Allan,Male,51,Scotland,Blue Collar,16-Oct,14693.74
200002649,Kevin,Sutherland,Male,44,Scotland,Blue Collar,16-Oct,38646.92
200002650,Liam,Arnold,Male,50,Scotland,Blue Collar,16-Oct,6844.11
200002651,Gabrielle,Poole,Female,47,Scotland,Other,16-Oct,20587.44
200002652,Kylie,McLean,Female,50,Scotland,Other,16-Oct,26851.86
200002653,Chloe,Short,Female,52,Scotland,Other,16-Oct,53599.25
300002654,Victoria,Poole,Female,35,Wales,White Collar,16-Oct,78006.49
300002655,Bernadette,Chapman,Female,37,Wales,White Collar,16-Oct,66400.88
100002656,Dorothy,Lawrence,Female,43,England,Blue Collar,17-Oct,50078.57
100002657,Jacob,Wilkins,Male,31,England,White Collar,17-Oct,24779.98
100002658,Ruth,Cornish,Female,37,England,White Collar,17-Oct,31117.71
100002659,Grace,Wallace,Female,45,England,White Collar,17-Oct,101994.01
100002660,Ruth,Skinner,Female,42,England,Other,17-Oct,4959.12
100002661,Amanda,Paige,Female,30,England,White Collar,17-Oct,25489.52
100002662,Harry,Hart,Male,25,England,Other,17-Oct,73869.26
100002663,Charles,Watson,Male,46,England,White Collar,17-Oct,94033.87
200002664,Donna,Slater,Female,42,Scotland,Other,17-Oct,59189.09
200002665,Oliver,Davidson,Male,52,Scotland,Other,17-Oct,13536.36
200002666,Joshua,Simpson,Male,46,Scotland,Blue Collar,17-Oct,86983.68
200002667,Boris,Gray,Male,59,Scotland,Blue Collar,17-Oct,9905.53
200002668,Heather,Watson,Female,47,Scotland,Other,17-Oct,9169.82
300002669,Julian,Cornish,Male,18,Wales,White Collar,17-Oct,49678.06
300002670,Dylan,Murray,Male,42,Wales,White Collar,17-Oct,1153.98
100002671,Diana,Graham,Female,38,England,Blue Collar,18-Oct,31728.14
100002672,Simon,Buckland,Male,35,England,White Collar,18-Oct,8257.62
100002673,Gordon,Powell,Male,50,England,White Collar,18-Oct,56402.62
100002674,Christopher,MacDonald,Male,40,England,White Collar,18-Oct,2559.52
100002675,Paul,Peake,Male,47,England,Other,18-Oct,19916.05
100002676,Sebastian,MacDonald,Male,29,England,White Collar,18-Oct,21908.77
100002677,Jan,McLean,Female,38,England,White Collar,18-Oct,39171.72
100002678,Irene,Rees,Female,35,England,White Collar,18-Oct,11634.97
100002679,Grace,MacDonald,Female,46,England,Blue Collar,18-Oct,9564.07
100002680,Ruth,Gibson,Female,27,England,White Collar,18-Oct,23183.41
100002681,Neil,McDonald,Male,34,England,White Collar,18-Oct,24433.04
100002682,Fiona,Clarkson,Female,25,England,White Collar,18-Oct,13710.31
100002683,Nicholas,Miller,Male,36,England,White Collar,18-Oct,61333.01
100002684,Diana,Sanderson,Female,46,England,Other,18-Oct,49374.99
200002685,Chloe,Avery,Female,49,Scotland,Other,18-Oct,29854.64
200002686,Victor,Ogden,Male,57,Scotland,Blue Collar,18-Oct,42706.66
200002687,Lucas,Lyman,Male,50,Scotland,Blue Collar,18-Oct,82077.52
200002688,Tracey,McDonald,Female,50,Scotland,Other,18-Oct,15104.72
300002689,Nathan,Smith,Male,31,Wales,Blue Collar,18-Oct,42471.07
300002690,David,Mitchell,Male,44,Wales,Other,18-Oct,16627.15
400002691,Amy,Abraham,Female,42,Northern Ireland,Other,18-Oct,46393.55
100002692,Jan,Clark,Female,39,England,Other,19-Oct,34441.92
100002693,Harry,Avery,Male,35,England,White Collar,19-Oct,49048.13
100002694,Brian,Lee,Male,34,England,White Collar,19-Oct,16194.49
200002695,Tim,Piper,Male,57,Scotland,Blue Collar,19-Oct,106232.34
200002696,Blake,Langdon,Male,43,Scotland,Blue Collar,19-Oct,61360.64
200002697,Dylan,McLean,Male,47,Scotland,Other,19-Oct,60277.8
400002698,Ryan,May,Male,25,Northern Ireland,White Collar,19-Oct,22186.17
400002699,Ruth,Graham,Female,61,Northern Ireland,White Collar,19-Oct,4387.05
100002700,Joanne,Walker,Female,35,England,White Collar,20-Oct,10247.99
100002701,Heather,McLean,Female,23,England,Other,20-Oct,20148.51
100002702,Owen,Terry,Male,34,England,White Collar,20-Oct,20922.69
100002703,Elizabeth,Churchill,Female,38,England,White Collar,20-Oct,22690.73
100002704,Phil,Rampling,Male,45,England,Blue Collar,20-Oct,48234.65
100002705,Natalie,Reid,Female,34,England,Blue Collar,20-Oct,75592.09
100002706,Amanda,Nash,Female,24,England,Other,20-Oct,92201.51
100002707,Karen,Ferguson,Female,49,England,Other,20-Oct,41652.84
100002708,Carol,Hill,Female,32,England,White Collar,20-Oct,6968.37
200002709,Trevor,Ball,Male,53,Scotland,Other,20-Oct,49863.23
200002710,Sebastian,Cameron,Male,45,Scotland,Blue Collar,20-Oct,17520.08
200002711,William,Peake,Male,47,Scotland,Other,20-Oct,27955.18
200002712,Sean,Rutherford,Male,55,Scotland,Blue Collar,20-Oct,6727.7
300002713,Donna,Skinner,Female,35,Wales,Other,20-Oct,23072.45
300002714,Piers,Rutherford,Male,35,Wales,Blue Collar,20-Oct,1819.36
300002715,Victor,Black,Male,33,Wales,White Collar,20-Oct,27843.26
400002716,Natalie,Young,Female,31,Northern Ireland,White Collar,20-Oct,60850.03
400002717,Wanda,Dyer,Female,31,Northern Ireland,Blue Collar,20-Oct,39120.91
100002718,John,Nolan,Male,28,England,White Collar,21-Oct,62077.51
100002719,Justin,Kerr,Male,45,England,Other,21-Oct,41348.08
100002720,Peter,Peters,Male,38,England,Blue Collar,21-Oct,12881.77
100002721,Yvonne,Glover,Female,33,England,White Collar,21-Oct,76455.17
100002722,Samantha,Paterson,Female,46,England,Other,21-Oct,50959.4
100002723,Jacob,Sharp,Male,33,England,Other,21-Oct,68310.37
100002724,Chloe,McGrath,Female,33,England,White Collar,21-Oct,37520.39
200002725,Ian,Skinner,Male,55,Scotland,Blue Collar,21-Oct,48227.16
300002726,Hannah,Wallace,Female,41,Wales,White Collar,21-Oct,57699.86
300002727,Evan,Davies,Male,34,Wales,Blue Collar,21-Oct,37254.18
300002728,Warren,Hill,Male,47,Wales,Blue Collar,21-Oct,128488.01
300002729,Harry,Burgess,Male,33,Wales,White Collar,21-Oct,11224.82
300002730,Sophie,Ball,Female,36,Wales,White Collar,21-Oct,19045.64
100002731,Heather,Cornish,Female,36,England,Other,22-Oct,39639.3
100002732,James,Walsh,Male,32,England,White Collar,22-Oct,49778.16
100002733,Jessica,Ross,Female,54,England,White Collar,22-Oct,24265.54
100002734,Olivia,May,Female,40,England,White Collar,22-Oct,7551.16
100002735,Chloe,Gill,Female,27,England,Blue Collar,22-Oct,134.94
100002736,Kevin,Hemmings,Male,34,England,White Collar,22-Oct,70803.13
100002737,Ian,Hill,Male,35,England,White Collar,22-Oct,26058.08
100002738,Christian,Hart,Male,32,England,White Collar,22-Oct,5519.53
100002739,Nathan,Springer,Male,40,England,White Collar,22-Oct,34694.96
100002740,Liam,Edmunds,Male,30,England,White Collar,22-Oct,30189.87
100002741,Hannah,James,Female,38,England,Other,22-Oct,77856.76
100002742,Alison,Manning,Female,30,England,White Collar,22-Oct,143808.39
100002743,Edward,Alsop,Male,38,England,White Collar,22-Oct,59605.02
200002744,Cameron,Rampling,Male,43,Scotland,Other,22-Oct,22810.16
200002745,Isaac,Quinn,Male,52,Scotland,Blue Collar,22-Oct,45833.87
300002746,Jane,Scott,Female,40,Wales,White Collar,22-Oct,24726.17
300002747,Owen,Bond,Male,30,Wales,White Collar,22-Oct,32060.6
100002748,David,Knox,Male,29,England,White Collar,23-Oct,21577.22
100002749,Sean,Paterson,Male,28,England,White Collar,23-Oct,69126.18
100002750,Carl,Fisher,Male,38,England,White Collar,23-Oct,267.38
100002751,Dorothy,Campbell,Female,35,England,Blue Collar,23-Oct,53586.79
200002752,Sophie,Howard,Female,57,Scotland,Other,23-Oct,31148.7
200002753,Ian,Hunter,Male,64,Scotland,Blue Collar,23-Oct,92921.99
200002754,Oliver,Walker,Male,37,Scotland,Blue Collar,23-Oct,38096.55
200002755,Audrey,Randall,Female,53,Scotland,Other,23-Oct,21717.51
300002756,Oliver,Scott,Male,40,Wales,White Collar,23-Oct,23357.27
300002757,Simon,King,Male,41,Wales,Other,23-Oct,9293.04
300002758,Karen,Ellison,Female,36,Wales,Other,23-Oct,33899.52
300002759,Luke,Fisher,Male,37,Wales,White Collar,23-Oct,17130.26
300002760,Lily,Campbell,Female,39,Wales,Other,23-Oct,69569.29
300002761,Samantha,Avery,Female,29,Wales,White Collar,23-Oct,10423.88
400002762,Abigail,Underwood,Female,23,Northern Ireland,White Collar,23-Oct,27314.43
100002763,Lisa,Martin,Female,33,England,White Collar,24-Oct,34728.83
100002764,Matt,MacLeod,Male,44,England,Blue Collar,24-Oct,60462.33
100002765,Rose,May,Female,32,England,Blue Collar,24-Oct,37935.65
100002766,Trevor,Jackson,Male,28,England,Other,24-Oct,5247.94
100002767,Stephen,King,Male,29,England,White Collar,24-Oct,26045.79
100002768,Matt,Turner,Male,48,England,Other,24-Oct,75739.94
100002769,Dominic,Henderson,Male,38,England,White Collar,24-Oct,53247.48
100002770,Mary,Paige,Female,35,England,White Collar,24-Oct,53799.34
100002771,Ryan,Clarkson,Male,27,England,White Collar,24-Oct,34618.1
100002772,Austin,Nash,Male,38,England,Other,24-Oct,66085.83
200002773,Alan,Watson,Male,64,Scotland,Blue Collar,24-Oct,24994.57
200002774,Megan,Metcalfe,Female,43,Scotland,Blue Collar,24-Oct,40769.29
200002775,Kevin,Miller,Male,50,Scotland,Blue Collar,24-Oct,45141.01
200002776,Jason,Langdon,Male,53,Scotland,Blue Collar,24-Oct,44741.93
200002777,Blake,Young,Male,59,Scotland,Blue Collar,24-Oct,13364.78
200002778,Sean,Short,Male,43,Scotland,Blue Collar,24-Oct,84220.99
300002779,Brandon,Cameron,Male,39,Wales,Blue Collar,24-Oct,57496.71
300002780,Carol,Dickens,Female,22,Wales,White Collar,24-Oct,63942.65
100002781,Audrey,Skinner,Female,40,England,White Collar,25-Oct,71908.74
100002782,Nicholas,Buckland,Male,20,England,Other,25-Oct,64855.42
100002783,Rebecca,Underwood,Female,33,England,White Collar,25-Oct,85325.26
100002784,Matt,Parsons,Male,30,England,White Collar,25-Oct,22295.82
100002785,Jason,Murray,Male,26,England,Blue Collar,25-Oct,24900.05
100002786,Penelope,Jackson,Female,32,England,White Collar,25-Oct,5369.67
100002787,Carol,Ince,Female,41,England,White Collar,25-Oct,8082.88
200002788,Trevor,Fraser,Male,53,Scotland,Blue Collar,25-Oct,31175.46
200002789,Lucas,Gibson,Male,45,Scotland,Blue Collar,25-Oct,20513.31
200002790,Sebastian,Avery,Male,58,Scotland,Other,25-Oct,40378.63
200002791,Vanessa,Brown,Female,59,Scotland,Other,25-Oct,19630.11
300002792,Ava,Underwood,Female,40,Wales,White Collar,25-Oct,19443.89
300002793,Zoe,Payne,Female,26,Wales,White Collar,25-Oct,58699.25
100002794,Mary,Davidson,Female,45,England,Blue Collar,26-Oct,38404.23
100002795,Yvonne,Hart,Female,31,England,White Collar,26-Oct,23497.05
100002796,Alan,Hill,Male,27,England,Blue Collar,26-Oct,36689.29
100002797,Rachel,Hill,Female,29,England,White Collar,26-Oct,17287.98
100002798,Jonathan,Welch,Male,29,England,White Collar,26-Oct,47610.68
100002799,Rachel,Baker,Female,21,England,Other,26-Oct,16352.86
100002800,Warren,Knox,Male,45,England,White Collar,26-Oct,20407.02
100002801,Jennifer,Peters,Female,30,England,White Collar,26-Oct,101676.32
100002802,Diane,McGrath,Female,23,England,White Collar,26-Oct,13772.7
100002803,Nicholas,Mackenzie,Male,30,England,White Collar,26-Oct,22763.84
100002804,Matt,Vaughan,Male,44,England,White Collar,26-Oct,59608.54
100002805,Bella,Pullman,Female,31,England,White Collar,26-Oct,34720.54
100002806,Caroline,Rampling,Female,37,England,White Collar,26-Oct,97665.32
100002807,Charles,MacLeod,Male,32,England,Blue Collar,26-Oct,35293.03
100002808,Charles,Langdon,Male,37,England,Other,26-Oct,3287.31
100002809,Stephen,Welch,Male,34,England,Blue Collar,26-Oct,125975.42
100002810,Julian,Welch,Male,37,England,White Collar,26-Oct,6765.07
100002811,Amy,Watson,Female,48,England,White Collar,26-Oct,29774.99
100002812,Deirdre,Lewis,Female,22,England,White Collar,26-Oct,16369.66
100002813,Bella,Hart,Female,39,England,Blue Collar,26-Oct,106334.38
100002814,Luke,Welch,Male,29,England,White Collar,26-Oct,6839.9
100002815,Claire,Blake,Female,30,England,White Collar,26-Oct,49965.59
100002816,Andrew,Fisher,Male,26,England,White Collar,26-Oct,105093.23
100002817,Liam,Mackenzie,Male,32,England,White Collar,26-Oct,28744.79
100002818,Chloe,Sharp,Female,61,England,White Collar,26-Oct,25267.28
100002819,Adam,Hamilton,Male,37,England,White Collar,26-Oct,43254.96
100002820,Bernadette,Dowd,Female,28,England,White Collar,26-Oct,26670.87
100002821,Dan,Campbell,Male,35,England,White Collar,26-Oct,5582.48
100002822,Amelia,Morrison,Female,36,England,White Collar,26-Oct,143447.15
100002823,Rachel,Knox,Female,41,England,Other,26-Oct,41566.38
100002824,Evan,Grant,Male,38,England,White Collar,26-Oct,14042.25
100002825,Mary,Peters,Female,29,England,Other,26-Oct,11504.49
100002826,Ella,Baker,Female,29,England,White Collar,26-Oct,6807.36
100002827,Emma,Turner,Female,37,England,White Collar,26-Oct,25191.07
100002828,Jason,Marshall,Male,27,England,Blue Collar,26-Oct,33472.49
200002829,Liam,Buckland,Male,55,Scotland,Blue Collar,26-Oct,39603.99
200002830,Mary,Hudson,Female,39,Scotland,Other,26-Oct,58376.83
200002831,Hannah,Underwood,Female,34,Scotland,Other,26-Oct,20725.33
200002832,Abigail,Hodges,Female,52,Scotland,Other,26-Oct,8526.86
200002833,Justin,Wallace,Male,45,Scotland,Other,26-Oct,58442.24
200002834,Sally,Simpson,Female,46,Scotland,Other,26-Oct,36237.59
200002835,Madeleine,Mills,Female,58,Scotland,Other,26-Oct,15502.73
200002836,Sam,Ferguson,Male,60,Scotland,Blue Collar,26-Oct,102409.29
200002837,Anne,Russell,Female,52,Scotland,Other,26-Oct,36607.23
200002838,Sean,Dowd,Male,42,Scotland,Blue Collar,26-Oct,20345
200002839,Oliver,Hughes,Male,50,Scotland,Blue Collar,26-Oct,65277.36
300002840,Blake,Wilson,Male,35,Wales,Blue Collar,26-Oct,48599.08
300002841,Sam,Edmunds,Male,36,Wales,White Collar,26-Oct,62369.55
300002842,Victor,Underwood,Male,28,Wales,Blue Collar,26-Oct,46835.63
300002843,Evan,Payne,Male,27,Wales,Blue Collar,26-Oct,25525.88
400002844,Gabrielle,Wallace,Female,34,Northern Ireland,Blue Collar,26-Oct,17843.97
400002845,Tracey,Oliver,Female,32,Northern Ireland,Other,26-Oct,19510.11
400002846,Lauren,MacLeod,Female,32,Northern Ireland,White Collar,26-Oct,43325.65
100002847,Diana,Randall,Female,18,England,White Collar,27-Oct,18520
100002848,Edward,Mills,Male,46,England,White Collar,27-Oct,22280.28
100002849,Anna,Peters,Female,51,England,White Collar,27-Oct,79715.05
100002850,Gavin,Buckland,Male,38,England,White Collar,27-Oct,6411.33
100002851,Ella,Watson,Female,33,England,White Collar,27-Oct,9113.19
100002852,Amanda,Randall,Female,35,England,Blue Collar,27-Oct,40095.85
200002853,William,Duncan,Male,48,Scotland,Blue Collar,27-Oct,48392
300002854,Jonathan,Dickens,Male,21,Wales,White Collar,27-Oct,17595.19
300002855,Rose,Berry,Female,32,Wales,White Collar,27-Oct,7278.4
300002856,Dorothy,Hemmings,Female,40,Wales,White Collar,27-Oct,78371.64
300002857,Angela,Wilkins,Female,36,Wales,White Collar,27-Oct,3962.3
400002858,Vanessa,Simpson,Female,18,Northern Ireland,White Collar,27-Oct,34075.29
100002859,Grace,Graham,Female,39,England,Other,28-Oct,63362.89
100002860,Evan,Hughes,Male,38,England,Other,28-Oct,21535.24
100002861,Jason,Anderson,Male,39,England,White Collar,28-Oct,46065.96
100002862,Ian,May,Male,35,England,White Collar,28-Oct,114954.78
100002863,Michael,Dyer,Male,36,England,White Collar,28-Oct,30047.75
100002864,Faith,Murray,Female,30,England,White Collar,28-Oct,2633.71
100002865,Madeleine,Hudson,Female,35,England,Other,28-Oct,49160.19
100002866,Luke,Hardacre,Male,41,England,Blue Collar,28-Oct,7976.04
100002867,Natalie,Glover,Female,30,England,Other,28-Oct,47404.84
100002868,Jack,Greene,Male,36,England,White Collar,28-Oct,35195.63
100002869,Michael,Roberts,Male,31,England,White Collar,28-Oct,12383.01
100002870,Virginia,Clarkson,Female,32,England,White Collar,28-Oct,68085.45
100002871,Sally,Terry,Female,35,England,Blue Collar,28-Oct,90913.77
200002872,Penelope,Wilson,Female,38,Scotland,Other,28-Oct,67598.37
200002873,Justin,Piper,Male,49,Scotland,Blue Collar,28-Oct,9806.38
300002874,Fiona,Piper,Female,25,Wales,White Collar,28-Oct,7558.84
100002875,Connor,Miller,Male,59,England,Other,29-Oct,37483.44
100002876,Gavin,Springer,Male,19,England,Other,29-Oct,19359.04
100002877,Peter,Slater,Male,36,England,White Collar,29-Oct,4503.8
100002878,Emma,Short,Female,36,England,White Collar,29-Oct,59611.33
100002879,Amy,Coleman,Female,39,England,White Collar,29-Oct,22844.3
100002880,Stephen,Anderson,Male,48,England,White Collar,29-Oct,33104.34
100002881,Sam,Gibson,Male,42,England,White Collar,29-Oct,37456.5
100002882,Yvonne,Marshall,Female,30,England,White Collar,29-Oct,41750.17
100002883,Dorothy,Paterson,Female,35,England,White Collar,29-Oct,6556.67
100002884,Edward,McGrath,Male,37,England,White Collar,29-Oct,44872.72
100002885,Lisa,Simpson,Female,53,England,Other,29-Oct,52378.68
100002886,Caroline,Taylor,Female,30,England,White Collar,29-Oct,73833.28
100002887,Lily,Hunter,Female,34,England,White Collar,29-Oct,44066.67
100002888,Carolyn,Ferguson,Female,39,England,White Collar,29-Oct,118110.62
100002889,Dan,Glover,Male,34,England,White Collar,29-Oct,62654.71
100002890,Phil,Kerr,Male,31,England,White Collar,29-Oct,101731.87
100002891,Richard,Nash,Male,39,England,White Collar,29-Oct,14367.29
100002892,Anne,Reid,Female,37,England,Other,29-Oct,16358.32
100002893,Max,Ball,Male,45,England,Other,29-Oct,85992.59
100002894,Paul,Smith,Male,36,England,Other,29-Oct,62882.21
200002895,Carl,Paterson,Male,37,Scotland,Blue Collar,29-Oct,16866.92
200002896,Joe,Coleman,Male,57,Scotland,Other,29-Oct,47745.75
200002897,Lucas,Ogden,Male,43,Scotland,Blue Collar,29-Oct,50448.22
200002898,Jane,Reid,Female,51,Scotland,Other,29-Oct,47468.79
200002899,Megan,Johnston,Female,34,Scotland,Other,29-Oct,57068.72
200002900,Connor,Rees,Male,60,Scotland,Other,29-Oct,115932.44
200002901,Paul,Bailey,Male,57,Scotland,Blue Collar,29-Oct,81414.37
200002902,Adam,Butler,Male,38,Scotland,Blue Collar,29-Oct,106227.27
200002903,Alison,Ferguson,Female,53,Scotland,Other,29-Oct,53820.41
300002904,Michelle,Walker,Female,27,Wales,White Collar,29-Oct,19224.76
300002905,Jennifer,Chapman,Female,43,Wales,White Collar,29-Oct,19488.81
300002906,Trevor,Brown,Male,31,Wales,Blue Collar,29-Oct,30436.38
400002907,Ryan,Welch,Male,30,Northern Ireland,Blue Collar,29-Oct,34718.68
400002908,Nicola,Hodges,Female,32,Northern Ireland,Other,29-Oct,15858.93
100002909,Jake,Stewart,Male,35,England,White Collar,30-Oct,41292.98
100002910,Caroline,Clark,Female,32,England,White Collar,30-Oct,17090.17
100002911,Adam,Hemmings,Male,37,England,Blue Collar,30-Oct,60097.21
100002912,Elizabeth,Parsons,Female,31,England,White Collar,30-Oct,113868.94
100002913,Jake,Jones,Male,32,England,White Collar,30-Oct,27593.12
100002914,Mary,Nolan,Female,33,England,Other,30-Oct,2471.48
100002915,Deirdre,Abraham,Female,23,England,White Collar,30-Oct,5965.14
100002916,John,Arnold,Male,25,England,Other,30-Oct,41058.11
100002917,Lucas,Butler,Male,33,England,White Collar,30-Oct,31959.46
100002918,Joe,Russell,Male,31,England,White Collar,30-Oct,22240.2
100002919,Trevor,Lyman,Male,33,England,White Collar,30-Oct,50075.4
200002920,Luke,Miller,Male,43,Scotland,Blue Collar,30-Oct,31739.2
200002921,Jennifer,Abraham,Female,34,Scotland,Other,30-Oct,61355.54
200002922,Rebecca,Johnston,Female,59,Scotland,Other,30-Oct,54003.42
200002923,Sonia,Bower,Female,45,Scotland,Other,30-Oct,9654.58
200002924,Joshua,Hughes,Male,52,Scotland,Blue Collar,30-Oct,6809.17
200002925,Jacob,Marshall,Male,47,Scotland,Blue Collar,30-Oct,33282.11
200002926,Trevor,Robertson,Male,47,Scotland,Blue Collar,30-Oct,64172.31
300002927,Deirdre,Fraser,Female,34,Wales,White Collar,30-Oct,43689.43
400002928,Jane,Lawrence,Female,29,Northern Ireland,Blue Collar,30-Oct,50213.26
100002929,Grace,Ogden,Female,32,England,White Collar,31-Oct,26231.03
100002930,Jonathan,Martin,Male,38,England,Other,31-Oct,49041.1
100002931,Joan,Newman,Female,31,England,White Collar,31-Oct,40138.75
100002932,Lisa,Morgan,Female,32,England,Other,31-Oct,699.42
100002933,Diane,Oliver,Female,32,England,White Collar,31-Oct,25464.76
100002934,Paul,Reid,Male,36,England,Blue Collar,31-Oct,65949.77
100002935,Felicity,Lambert,Female,36,England,White Collar,31-Oct,98682.44
100002936,Audrey,Short,Female,42,England,White Collar,31-Oct,15389.73
100002937,Dorothy,Hughes,Female,28,England,White Collar,31-Oct,3766.5
100002938,Emma,Bower,Female,40,England,Other,31-Oct,55489.08
100002939,William,Ogden,Male,35,England,White Collar,31-Oct,56363.31
100002940,Rose,Parr,Female,33,England,Other,31-Oct,60395.3
100002941,Stewart,Rutherford,Male,50,England,White Collar,31-Oct,20397.32
200002942,Luke,Gray,Male,52,Scotland,Other,31-Oct,20132.46
200002943,Jake,Poole,Male,44,Scotland,Blue Collar,31-Oct,101645.25
200002944,Stewart,Hudson,Male,55,Scotland,Blue Collar,31-Oct,66721.34
200002945,Dominic,Roberts,Male,55,Scotland,Other,31-Oct,66668.78
300002946,Alexander,Mills,Male,45,Wales,Blue Collar,31-Oct,21018.89
100002947,Faith,Poole,Female,49,England,White Collar,1-Nov,48099.69
100002948,Sophie,Black,Female,36,England,White Collar,1-Nov,34618.76
100002949,Megan,Campbell,Female,38,England,White Collar,1-Nov,54755.3
100002950,Alan,Avery,Male,33,England,White Collar,1-Nov,81827.13
100002951,Caroline,Hudson,Female,36,England,White Collar,1-Nov,47211.31
100002952,Virginia,Forsyth,Female,30,England,White Collar,1-Nov,17332.05
100002953,Hannah,Peake,Female,52,England,White Collar,1-Nov,55559.45
100002954,Angela,Cameron,Female,42,England,Blue Collar,1-Nov,77228.1
100002955,Dorothy,Ellison,Female,36,England,White Collar,1-Nov,47360.38
100002956,Neil,Fisher,Male,36,England,White Collar,1-Nov,33595.68
100002957,Jennifer,Knox,Female,47,England,White Collar,1-Nov,78150.39
100002958,Sonia,McGrath,Female,31,England,White Collar,1-Nov,59263.01
100002959,Harry,Peters,Male,28,England,White Collar,1-Nov,60496.8
100002960,Thomas,Black,Male,29,England,White Collar,1-Nov,17844.83
100002961,John,Cornish,Male,28,England,White Collar,1-Nov,6680.22
100002962,Carol,Glover,Female,34,England,White Collar,1-Nov,74987.04
100002963,Donna,Allan,Female,37,England,Blue Collar,1-Nov,16408.46
100002964,Deirdre,Brown,Female,37,England,White Collar,1-Nov,6845.33
100002965,Blake,Dickens,Male,37,England,White Collar,1-Nov,28328.21
100002966,Bernadette,Hardacre,Female,41,England,Other,1-Nov,70452.02
100002967,Sally,Bower,Female,38,England,White Collar,1-Nov,5852.82
100002968,Zoe,Anderson,Female,33,England,White Collar,1-Nov,36017.49
100002969,Ruth,Paige,Female,43,England,White Collar,1-Nov,26737.79
100002970,Dominic,Taylor,Male,24,England,Blue Collar,1-Nov,21601.11
100002971,Claire,Paige,Female,25,England,Other,1-Nov,71683.32
200002972,Piers,Kerr,Male,59,Scotland,Other,1-Nov,15402.84
200002973,John,Scott,Male,48,Scotland,Blue Collar,1-Nov,11240.91
200002974,Jack,Fisher,Male,37,Scotland,White Collar,1-Nov,15811.05
200002975,Lauren,Russell,Female,52,Scotland,Other,1-Nov,12210.94
200002976,Alan,Sanderson,Male,56,Scotland,Blue Collar,1-Nov,64503.88
200002977,Carol,Brown,Female,45,Scotland,Other,1-Nov,33898.15
200002978,Carl,Lyman,Male,52,Scotland,Blue Collar,1-Nov,12638.78
200002979,Brian,Black,Male,57,Scotland,Blue Collar,1-Nov,6436.22
400002980,Molly,Taylor,Female,31,Northern Ireland,Blue Collar,1-Nov,6057.88
100002981,Sonia,Rutherford,Female,23,England,Other,2-Nov,16418.92
100002982,Tim,Baker,Male,46,England,White Collar,2-Nov,17757.91
100002983,Amelia,Hill,Female,24,England,Blue Collar,2-Nov,55477.57
100002984,Austin,Russell,Male,34,England,Other,2-Nov,29745.48
100002985,Stephen,Lewis,Male,37,England,White Collar,2-Nov,13518.54
100002986,Dorothy,Rutherford,Female,18,England,Other,2-Nov,9281.39
200002987,Matt,Ross,Male,48,Scotland,Other,2-Nov,28873.73
200002988,Blake,Wallace,Male,58,Scotland,Blue Collar,2-Nov,39415.54
200002989,Rachel,Skinner,Female,52,Scotland,Other,2-Nov,16743.55
200002990,Sebastian,Brown,Male,31,Scotland,Blue Collar,2-Nov,16470.81
200002991,Charles,Kerr,Male,54,Scotland,Blue Collar,2-Nov,20405.95
100002992,Olivia,Ogden,Female,18,England,White Collar,3-Nov,31719.69
100002993,Dylan,Metcalfe,Male,37,England,Blue Collar,3-Nov,4725.23
100002994,Jasmine,Gray,Female,35,England,White Collar,3-Nov,17322.36
100002995,Felicity,Hudson,Female,29,England,Blue Collar,3-Nov,56296.6
100002996,Fiona,Morgan,Female,44,England,Blue Collar,3-Nov,4837.23
100002997,Ava,Mills,Female,31,England,Other,3-Nov,4064.42
100002998,Alan,Terry,Male,30,England,Blue Collar,3-Nov,15452.89
100002999,Felicity,Gibson,Female,32,England,White Collar,3-Nov,44646.75
100003000,Alison,Mitchell,Female,30,England,White Collar,3-Nov,52200.62
100003001,Matt,Abraham,Male,47,England,Blue Collar,3-Nov,8576.46
100003002,Tim,Forsyth,Male,23,England,White Collar,3-Nov,640.91
200003003,Lucas,Terry,Male,54,Scotland,Blue Collar,3-Nov,68965.07
200003004,Joshua,Murray,Male,51,Scotland,Blue Collar,3-Nov,52186.48
200003005,Alan,Lyman,Male,39,Scotland,White Collar,3-Nov,69713.05
300003006,Claire,Scott,Female,34,Wales,White Collar,3-Nov,116366.09
300003007,Katherine,Duncan,Female,43,Wales,White Collar,3-Nov,33336.87
300003008,Andrew,Ogden,Male,43,Wales,Other,3-Nov,78323.16
400003009,Yvonne,Fisher,Female,31,Northern Ireland,Other,3-Nov,50699.67
100003010,Anna,Short,Female,56,England,White Collar,4-Nov,47447.17
100003011,Sean,Butler,Male,41,England,White Collar,4-Nov,2665.32
100003012,Deirdre,Edmunds,Female,32,England,White Collar,4-Nov,82104.77
200003013,Evan,Ball,Male,49,Scotland,Blue Collar,4-Nov,17312.41
200003014,Matt,Davidson,Male,60,Scotland,Other,4-Nov,55173.94
300003015,Jasmine,May,Female,18,Wales,Other,4-Nov,18574.76
100003016,Anthony,Forsyth,Male,36,England,White Collar,5-Nov,17823.65
100003017,Michael,Pullman,Male,30,England,Other,5-Nov,71799.26
100003018,Jason,McGrath,Male,26,England,White Collar,5-Nov,34526.64
100003019,Boris,Butler,Male,42,England,White Collar,5-Nov,19996.17
100003020,Thomas,Watson,Male,30,England,White Collar,5-Nov,33885.07
100003021,Samantha,Slater,Female,43,England,Blue Collar,5-Nov,38227.22
100003022,Una,Quinn,Female,27,England,White Collar,5-Nov,63257.61
100003023,Jonathan,Oliver,Male,37,England,White Collar,5-Nov,77501.35
100003024,Michelle,Morgan,Female,41,England,White Collar,5-Nov,38019.49
100003025,Sally,Randall,Female,37,England,Other,5-Nov,37294.08
100003026,Amanda,Edmunds,Female,25,England,White Collar,5-Nov,74258.42
100003027,Diane,Cameron,Female,32,England,White Collar,5-Nov,55749.19
100003028,Rachel,Hudson,Female,35,England,White Collar,5-Nov,5247.83
200003029,Liam,Sutherland,Male,33,Scotland,White Collar,5-Nov,61079.39
200003030,Amelia,Fisher,Female,44,Scotland,Other,5-Nov,12939.73
200003031,Simon,Abraham,Male,40,Scotland,Blue Collar,5-Nov,42462.18
200003032,Jason,Gill,Male,44,Scotland,Blue Collar,5-Nov,86184.27
200003033,Gavin,Blake,Male,45,Scotland,Blue Collar,5-Nov,88366.08
300003034,Chloe,Clark,Female,28,Wales,Other,5-Nov,62137.79
300003035,Wanda,Fisher,Female,40,Wales,White Collar,5-Nov,10914.74
400003036,Lisa,Hughes,Female,39,Northern Ireland,Other,5-Nov,50492.06
400003037,Megan,Russell,Female,42,Northern Ireland,Other,5-Nov,43376.23
100003038,Dylan,Chapman,Male,38,England,White Collar,6-Nov,12380.76
100003039,Nicholas,King,Male,28,England,White Collar,6-Nov,13390.78
100003040,Wanda,Blake,Female,29,England,Other,6-Nov,1834.14
100003041,James,Ince,Male,34,England,White Collar,6-Nov,18971.51
200003042,Jason,Walsh,Male,61,Scotland,Blue Collar,6-Nov,27421.16
200003043,Dylan,Hardacre,Male,49,Scotland,Other,6-Nov,83989.67
200003044,Benjamin,Jones,Male,43,Scotland,Other,6-Nov,70629.05
100003045,Julia,Campbell,Female,32,England,Blue Collar,7-Nov,10818.08
100003046,Heather,Johnston,Female,26,England,White Collar,7-Nov,13299.35
100003047,Cameron,Parr,Male,33,England,White Collar,7-Nov,30227.5
100003048,Thomas,Springer,Male,46,England,White Collar,7-Nov,84080.85
100003049,Oliver,Jones,Male,35,England,Blue Collar,7-Nov,15908.89
100003050,Gordon,Ferguson,Male,48,England,White Collar,7-Nov,18254.46
100003051,Luke,Harris,Male,39,England,White Collar,7-Nov,59641.84
200003052,Leah,Davidson,Female,51,Scotland,Blue Collar,7-Nov,52001.9
200003053,Anne,Mackay,Female,39,Scotland,Other,7-Nov,31245
200003054,Joan,Mitchell,Female,56,Scotland,Other,7-Nov,29174.19
200003055,Dan,Morrison,Male,36,Scotland,Blue Collar,7-Nov,106275.73
100003056,Sophie,Davidson,Female,33,England,White Collar,8-Nov,64582.89
100003057,Faith,Turner,Female,43,England,Other,8-Nov,73601.8
100003058,Bernadette,May,Female,44,England,White Collar,8-Nov,9209.02
100003059,Lucas,Rutherford,Male,24,England,White Collar,8-Nov,35939.96
100003060,Theresa,Smith,Female,31,England,White Collar,8-Nov,1447.65
100003061,Ella,Rees,Female,25,England,Other,8-Nov,1890.37
100003062,Ryan,Ellison,Male,39,England,Blue Collar,8-Nov,29040.64
100003063,Carl,Martin,Male,24,England,White Collar,8-Nov,24875.64
100003064,Sean,Peake,Male,43,England,White Collar,8-Nov,4421.1
100003065,Abigail,Ogden,Female,32,England,White Collar,8-Nov,27424.78
100003066,Sue,Glover,Female,27,England,White Collar,8-Nov,3120.2
200003067,Stewart,Davies,Male,51,Scotland,White Collar,8-Nov,32448.94
200003068,Hannah,McDonald,Female,48,Scotland,Other,8-Nov,19089.33
200003069,Tim,James,Male,52,Scotland,White Collar,8-Nov,74560.83
200003070,Elizabeth,Bond,Female,40,Scotland,Other,8-Nov,22027.41
200003071,Deirdre,Burgess,Female,49,Scotland,Other,8-Nov,115069.41
200003072,Penelope,Pullman,Female,31,Scotland,Other,8-Nov,14526.24
300003073,Neil,Harris,Male,31,Wales,White Collar,8-Nov,35448.77
300003074,Grace,Davidson,Female,38,Wales,White Collar,8-Nov,12426.64
300003075,Stephen,Watson,Male,27,Wales,White Collar,8-Nov,89186.6
100003076,Julian,Hunter,Male,29,England,Blue Collar,9-Nov,9567.74
100003077,Katherine,Dyer,Female,47,England,White Collar,9-Nov,9244.66
100003078,Piers,Pullman,Male,23,England,Other,9-Nov,4588.12
100003079,Dorothy,Baker,Female,29,England,White Collar,9-Nov,34725.59
100003080,Dominic,Morrison,Male,37,England,Other,9-Nov,23396.9
100003081,Matt,Russell,Male,35,England,Blue Collar,9-Nov,4653.31
100003082,Felicity,Payne,Female,35,England,Blue Collar,9-Nov,17717.33
100003083,Connor,White,Male,30,England,White Collar,9-Nov,8422.3
200003084,Irene,Roberts,Female,46,Scotland,Blue Collar,9-Nov,53327.97
200003085,Jan,McDonald,Female,43,Scotland,Other,9-Nov,38308.54
200003086,Jason,Mitchell,Male,42,Scotland,Blue Collar,9-Nov,68973.86
200003087,Lillian,Oliver,Female,28,Scotland,Other,9-Nov,32468.21
200003088,Victoria,Nolan,Female,51,Scotland,Other,9-Nov,5227.69
200003089,Justin,Kelly,Male,56,Scotland,Blue Collar,9-Nov,55295.38
300003090,Dorothy,Wright,Female,50,Wales,Other,9-Nov,91569.83
100003091,Kylie,Mackenzie,Female,23,England,White Collar,10-Nov,24384.59
100003092,Emily,Piper,Female,30,England,White Collar,10-Nov,26551.11
100003093,Jake,Sanderson,Male,34,England,White Collar,10-Nov,71362.71
100003094,Andrea,Alsop,Female,23,England,White Collar,10-Nov,133589.87
100003095,Oliver,Campbell,Male,34,England,White Collar,10-Nov,96893.79
100003096,Christian,Hemmings,Male,26,England,Blue Collar,10-Nov,9438.06
100003097,Claire,Ball,Female,24,England,White Collar,10-Nov,93329.94
200003098,Nicholas,Hudson,Male,50,Scotland,White Collar,10-Nov,19956.27
200003099,Colin,Walsh,Male,40,Scotland,Blue Collar,10-Nov,18505.82
200003100,Blake,Manning,Male,61,Scotland,Blue Collar,10-Nov,6243.3
200003101,William,Lambert,Male,53,Scotland,Blue Collar,10-Nov,4821.6
200003102,Anthony,Davidson,Male,61,Scotland,Other,10-Nov,5711.43
200003103,Keith,Alsop,Male,61,Scotland,Blue Collar,10-Nov,75638.28
300003104,Lucas,Newman,Male,42,Wales,White Collar,10-Nov,14699.25
300003105,Blake,White,Male,31,Wales,White Collar,10-Nov,48703.81
300003106,Sam,Underwood,Male,32,Wales,Blue Collar,10-Nov,43532.66
100003107,Joseph,Hodges,Male,42,England,White Collar,11-Nov,49683.78
100003108,David,Metcalfe,Male,27,England,White Collar,11-Nov,146892.37
100003109,Rebecca,MacLeod,Female,38,England,White Collar,11-Nov,23666.54
100003110,Wendy,Parr,Female,45,England,White Collar,11-Nov,21695.26
100003111,Benjamin,Hughes,Male,33,England,Other,11-Nov,2609.28
100003112,Gordon,Fisher,Male,30,England,White Collar,11-Nov,42732.72
100003113,Alan,Mackenzie,Male,25,England,White Collar,11-Nov,36021.53
100003114,Jane,Nash,Female,34,England,White Collar,11-Nov,18856.08
100003115,Brian,Jackson,Male,34,England,White Collar,11-Nov,42429.24
100003116,Nathan,Morgan,Male,35,England,Other,11-Nov,25257.22
100003117,Emily,Rees,Female,32,England,White Collar,11-Nov,64135.72
200003118,Isaac,Newman,Male,58,Scotland,Blue Collar,11-Nov,76328.95
200003119,Sophie,Turner,Female,39,Scotland,Other,11-Nov,60307.56
200003120,Luke,Hart,Male,53,Scotland,White Collar,11-Nov,28479.55
200003121,Ruth,Davies,Female,27,Scotland,Other,11-Nov,7835.23
200003122,Matt,Fraser,Male,45,Scotland,Blue Collar,11-Nov,10760.17
200003123,Dominic,Knox,Male,52,Scotland,Blue Collar,11-Nov,31275.84
200003124,Stephen,Bell,Male,51,Scotland,Blue Collar,11-Nov,62238.7
200003125,Boris,Simpson,Male,60,Scotland,Other,11-Nov,23122.01
200003126,Andrea,Marshall,Female,58,Scotland,Other,11-Nov,105104.49
200003127,Nicholas,Coleman,Male,45,Scotland,Blue Collar,11-Nov,28654.5
200003128,Austin,Brown,Male,49,Scotland,Blue Collar,11-Nov,35192.83
300003129,Olivia,Hudson,Female,25,Wales,White Collar,11-Nov,14632.29
300003130,Rachel,Dowd,Female,34,Wales,White Collar,11-Nov,8456.78
300003131,Fiona,Hemmings,Female,44,Wales,White Collar,11-Nov,33172.4
300003132,Deirdre,Rampling,Female,46,Wales,Blue Collar,11-Nov,29012.65
100003133,Pippa,Bond,Female,46,England,Blue Collar,12-Nov,4907.58
100003134,Dan,Black,Male,39,England,White Collar,12-Nov,4563.44
100003135,Dylan,Payne,Male,29,England,Blue Collar,12-Nov,19118.76
100003136,Dylan,Vaughan,Male,32,England,White Collar,12-Nov,59266.24
100003137,Mary,Greene,Female,34,England,White Collar,12-Nov,26768.44
200003138,Gordon,Clarkson,Male,41,Scotland,Blue Collar,12-Nov,97626.31
200003139,Richard,Mackay,Male,58,Scotland,Blue Collar,12-Nov,10786.24
200003140,Oliver,Sanderson,Male,32,Scotland,Blue Collar,12-Nov,45810.04
200003141,Steven,Cornish,Male,18,Scotland,Blue Collar,12-Nov,25898.72
300003142,Elizabeth,Arnold,Female,40,Wales,White Collar,12-Nov,19448.19
300003143,Richard,Chapman,Male,39,Wales,Blue Collar,12-Nov,48032.86
300003144,Oliver,Roberts,Male,41,Wales,White Collar,12-Nov,8176.98
100003145,Dylan,Walsh,Male,29,England,White Collar,13-Nov,20166.68
100003146,Ian,Powell,Male,44,England,White Collar,13-Nov,13179.89
100003147,Robert,Wilkins,Male,37,England,White Collar,13-Nov,59673.88
100003148,Anna,Jones,Female,32,England,White Collar,13-Nov,53274.83
100003149,Stephanie,Morrison,Female,38,England,White Collar,13-Nov,1768.41
100003150,Lauren,Skinner,Female,32,England,White Collar,13-Nov,9287.63
100003151,Felicity,Buckland,Female,38,England,White Collar,13-Nov,66093.41
200003152,William,Sanderson,Male,51,Scotland,Other,13-Nov,13547.12
200003153,Sebastian,Peters,Male,51,Scotland,Blue Collar,13-Nov,109395.78
200003154,David,Alsop,Male,49,Scotland,Other,13-Nov,45629.65
200003155,Virginia,Jones,Female,56,Scotland,Other,13-Nov,11863.42
300003156,Charles,Mills,Male,42,Wales,White Collar,13-Nov,45546.49
300003157,David,Greene,Male,35,Wales,White Collar,13-Nov,7139.62
300003158,Joan,Oliver,Female,42,Wales,Blue Collar,13-Nov,24238.89
100003159,Mary,Hemmings,Female,27,England,White Collar,14-Nov,73722.88
100003160,Jan,Gill,Female,33,England,White Collar,14-Nov,21875.7
100003161,James,Hodges,Male,44,England,White Collar,14-Nov,3790.23
100003162,Virginia,Hodges,Female,29,England,White Collar,14-Nov,23159.95
100003163,Theresa,Mathis,Female,23,England,White Collar,14-Nov,23220.99
100003164,Andrea,Churchill,Female,37,England,White Collar,14-Nov,27784.27
100003165,Liam,Clark,Male,31,England,White Collar,14-Nov,10377.13
100003166,Karen,Walker,Female,25,England,Other,14-Nov,12589.45
100003167,Charles,Powell,Male,41,England,Other,14-Nov,4111.42
100003168,Christopher,Fisher,Male,40,England,White Collar,14-Nov,49490.49
100003169,Dorothy,Vance,Female,35,England,Blue Collar,14-Nov,3673.79
100003170,Emma,Cameron,Female,41,England,White Collar,14-Nov,20793.41
100003171,Justin,Baker,Male,25,England,White Collar,14-Nov,18053.11
100003172,Joe,Henderson,Male,43,England,Blue Collar,14-Nov,4808.93
100003173,Leonard,Gill,Male,39,England,Blue Collar,14-Nov,3436.77
100003174,Leonard,Ball,Male,36,England,White Collar,14-Nov,8060.05
100003175,Isaac,Gill,Male,32,England,Blue Collar,14-Nov,27316.09
200003176,Max,Short,Male,52,Scotland,Other,14-Nov,111036.92
200003177,Jane,White,Female,55,Scotland,Other,14-Nov,7365.5
200003178,Audrey,Hughes,Female,55,Scotland,Other,14-Nov,18705.83
200003179,Cameron,Jones,Male,51,Scotland,Blue Collar,14-Nov,29247.25
200003180,John,Payne,Male,49,Scotland,Other,14-Nov,6881.74
200003181,Warren,Parsons,Male,58,Scotland,Blue Collar,14-Nov,65497.14
200003182,Piers,Mitchell,Male,49,Scotland,Other,14-Nov,45545.02
200003183,Wanda,Morgan,Female,30,Scotland,Other,14-Nov,31311.45
200003184,Jan,White,Female,48,Scotland,Other,14-Nov,9758.08
300003185,Piers,Dyer,Male,39,Wales,White Collar,14-Nov,144607.38
300003186,Steven,Grant,Male,27,Wales,White Collar,14-Nov,15126.82
300003187,Carolyn,Harris,Female,31,Wales,Other,14-Nov,23095.68
300003188,Frank,Peake,Male,47,Wales,Blue Collar,14-Nov,97201.55
100003189,Richard,Anderson,Male,48,England,White Collar,15-Nov,4098.82
100003190,Andrea,Forsyth,Female,44,England,White Collar,15-Nov,9777.9
100003191,Alexander,Reid,Male,31,England,Other,15-Nov,5478.06
100003192,Sean,Springer,Male,27,England,White Collar,15-Nov,10183.23
100003193,Sonia,Coleman,Female,36,England,Blue Collar,15-Nov,18925.43
100003194,Steven,Watson,Male,29,England,White Collar,15-Nov,57228.34
100003195,Yvonne,Graham,Female,35,England,White Collar,15-Nov,31376.37
100003196,Leonard,Ferguson,Male,28,England,Other,15-Nov,13468.66
100003197,Penelope,Howard,Female,31,England,White Collar,15-Nov,42662.04
100003198,Harry,Lyman,Male,29,England,Other,15-Nov,36086.9
100003199,Luke,James,Male,32,England,White Collar,15-Nov,12954.98
300003200,Jake,Newman,Male,37,Wales,White Collar,15-Nov,59494.69
300003201,Bernadette,Reid,Female,26,Wales,White Collar,15-Nov,133683.93
100003202,Abigail,Walsh,Female,40,England,White Collar,16-Nov,32051.33
100003203,Piers,Campbell,Male,37,England,White Collar,16-Nov,4269.31
100003204,Piers,Newman,Male,29,England,Blue Collar,16-Nov,37027.41
100003205,Dominic,Vance,Male,40,England,White Collar,16-Nov,55771.08
100003206,Elizabeth,Parr,Female,35,England,White Collar,16-Nov,8196.9
100003207,Faith,Harris,Female,31,England,White Collar,16-Nov,29296.95
100003208,Joshua,James,Male,35,England,White Collar,16-Nov,10291.64
100003209,Boris,Quinn,Male,24,England,Other,16-Nov,57099.28
100003210,Amanda,Howard,Female,50,England,White Collar,16-Nov,50609.43
100003211,Julian,Jones,Male,44,England,White Collar,16-Nov,9161.15
100003212,Ian,Avery,Male,38,England,White Collar,16-Nov,20238.28
100003213,Max,Quinn,Male,45,England,White Collar,16-Nov,2479.52
200003214,Edward,Vaughan,Male,58,Scotland,Blue Collar,16-Nov,79655.37
200003215,Abigail,Skinner,Female,59,Scotland,Other,16-Nov,14644.76
100003216,Nicola,Watson,Female,32,England,White Collar,17-Nov,33535.24
100003217,Joseph,Scott,Male,36,England,White Collar,17-Nov,5275.67
100003218,Max,Lee,Male,24,England,White Collar,17-Nov,16721.96
100003219,Connor,James,Male,31,England,Blue Collar,17-Nov,51141.07
100003220,Eric,Hemmings,Male,30,England,White Collar,17-Nov,29283.75
100003221,Leonard,Rutherford,Male,37,England,White Collar,17-Nov,37670.59
100003222,Richard,Clarkson,Male,41,England,Blue Collar,17-Nov,5040.5
100003223,Peter,May,Male,45,England,White Collar,17-Nov,38098.76
100003224,Rachel,Welch,Female,35,England,Other,17-Nov,82688.19
100003225,Colin,Johnston,Male,31,England,White Collar,17-Nov,9814.58
100003226,Dylan,Mitchell,Male,39,England,White Collar,17-Nov,139434.09
100003227,Wendy,Hamilton,Female,43,England,White Collar,17-Nov,27287.49
100003228,Stewart,Jackson,Male,27,England,White Collar,17-Nov,41775.2
100003229,Natalie,Sutherland,Female,37,England,White Collar,17-Nov,44335.18
100003230,Fiona,McDonald,Female,39,England,Blue Collar,17-Nov,33581.76
100003231,Luke,Burgess,Male,42,England,White Collar,17-Nov,30797.77
100003232,Anne,Parr,Female,29,England,White Collar,17-Nov,71423.01
100003233,Robert,Mackenzie,Male,39,England,White Collar,17-Nov,52566.58
100003234,Rachel,Ince,Female,43,England,Blue Collar,17-Nov,23540.79
100003235,Blake,Simpson,Male,26,England,White Collar,17-Nov,104366.63
100003236,Lily,Grant,Female,37,England,Other,17-Nov,339.23
100003237,Julian,Powell,Male,26,England,White Collar,17-Nov,65283.32
200003238,Madeleine,James,Female,43,Scotland,Other,17-Nov,38012.27
200003239,Joanne,Russell,Female,56,Scotland,White Collar,17-Nov,33748.33
200003240,Edward,Oliver,Male,57,Scotland,Blue Collar,17-Nov,18910.03
200003241,Dominic,Martin,Male,37,Scotland,Blue Collar,17-Nov,45686.41
200003242,Samantha,Walker,Female,39,Scotland,Other,17-Nov,13061.49
200003243,Rachel,Black,Female,46,Scotland,Blue Collar,17-Nov,68527.61
200003244,Gordon,White,Male,56,Scotland,Other,17-Nov,29861.37
200003245,Gavin,MacLeod,Male,44,Scotland,Other,17-Nov,63735.05
300003246,Maria,Murray,Female,45,Wales,White Collar,17-Nov,20349.68
300003247,Anne,Nash,Female,28,Wales,White Collar,17-Nov,48124.64
300003248,Joseph,Newman,Male,30,Wales,Blue Collar,17-Nov,38093.36
100003249,Steven,Wright,Male,43,England,White Collar,18-Nov,12324.12
100003250,Isaac,McDonald,Male,34,England,Blue Collar,18-Nov,18412.38
100003251,Evan,Walker,Male,34,England,White Collar,18-Nov,12238.08
100003252,Adam,Turner,Male,41,England,White Collar,18-Nov,55038.36
100003253,Ryan,Lambert,Male,32,England,White Collar,18-Nov,30865.97
100003254,David,Poole,Male,38,England,White Collar,18-Nov,2638.71
300003255,Joan,Metcalfe,Female,34,Wales,Other,18-Nov,19249.76
300003256,Heather,Gill,Female,40,Wales,White Collar,18-Nov,53697.1
100003257,John,Henderson,Male,27,England,Blue Collar,19-Nov,9866.04
100003258,Jennifer,Graham,Female,42,England,White Collar,19-Nov,25158.08
100003259,Emily,Henderson,Female,37,England,White Collar,19-Nov,26052.24
200003260,Brandon,Terry,Male,51,Scotland,Blue Collar,19-Nov,12765.42
200003261,Natalie,Bower,Female,43,Scotland,Other,19-Nov,8837.34
300003262,Sue,Lyman,Female,28,Wales,White Collar,19-Nov,68809.02
300003263,Vanessa,Parsons,Female,30,Wales,White Collar,19-Nov,13139.08
300003264,Jasmine,Ross,Female,39,Wales,Other,19-Nov,68659.24
300003265,Joshua,Parsons,Male,29,Wales,White Collar,19-Nov,94523.22
100003266,Edward,Blake,Male,34,England,Other,20-Nov,67894.27
100003267,Liam,Burgess,Male,36,England,White Collar,20-Nov,63323.61
100003268,Leah,Lambert,Female,36,England,White Collar,20-Nov,84693.18
100003269,Simon,Henderson,Male,32,England,White Collar,20-Nov,9068.75
100003270,Zoe,Vaughan,Female,37,England,Blue Collar,20-Nov,11073.76
100003271,Christopher,Hunter,Male,32,England,Blue Collar,20-Nov,76492.8
100003272,Frank,Rampling,Male,41,England,Other,20-Nov,32715.84
100003273,Angela,Berry,Female,39,England,Blue Collar,20-Nov,10685.07
100003274,Colin,Peake,Male,27,England,White Collar,20-Nov,30268.33
200003275,Sam,Anderson,Male,47,Scotland,Other,20-Nov,7286.16
100003276,Gabrielle,Jones,Female,39,England,White Collar,21-Nov,105339.9
100003277,William,Glover,Male,42,England,White Collar,21-Nov,11632.9
100003278,Rachel,Lambert,Female,21,England,White Collar,21-Nov,3038.3
100003279,Steven,North,Male,36,England,Other,21-Nov,94494.62
100003280,Megan,Ross,Female,35,England,White Collar,21-Nov,20637.25
100003281,Nathan,Dickens,Male,27,England,White Collar,21-Nov,53494.5
100003282,Edward,Ince,Male,43,England,White Collar,21-Nov,2619.84
100003283,Bernadette,Jones,Female,38,England,White Collar,21-Nov,89126.12
100003284,Victoria,Greene,Female,35,England,White Collar,21-Nov,29531.43
100003285,Amelia,Paterson,Female,49,England,Other,21-Nov,90049.91
100003286,Matt,Short,Male,38,England,White Collar,21-Nov,21417.1
100003287,Heather,Burgess,Female,32,England,White Collar,21-Nov,74633.22
100003288,Leonard,Roberts,Male,37,England,White Collar,21-Nov,77155.23
200003289,Ryan,Underwood,Male,50,Scotland,Other,21-Nov,99255.19
200003290,Amelia,Clarkson,Female,43,Scotland,Other,21-Nov,41538.28
200003291,Rachel,Grant,Female,42,Scotland,Other,21-Nov,6916.13
200003292,Peter,Sanderson,Male,51,Scotland,Blue Collar,21-Nov,14724.29
200003293,Anthony,Morrison,Male,47,Scotland,Blue Collar,21-Nov,5875.97
200003294,Brandon,Lee,Male,55,Scotland,Blue Collar,21-Nov,71276.7
200003295,Jake,Ball,Male,51,Scotland,Other,21-Nov,37322.47
200003296,Ryan,Ince,Male,26,Scotland,Blue Collar,21-Nov,39625.37
200003297,Jake,Randall,Male,54,Scotland,Blue Collar,21-Nov,7410.73
200003298,Sonia,Cameron,Female,53,Scotland,Other,21-Nov,466.01
300003299,Liam,Simpson,Male,34,Wales,White Collar,21-Nov,32851.32
100003300,Frank,Hart,Male,38,England,Other,22-Nov,64508.93
100003301,Anthony,Hughes,Male,46,England,White Collar,22-Nov,47908.76
100003302,Jessica,Quinn,Female,36,England,White Collar,22-Nov,77553.79
100003303,Fiona,Churchill,Female,47,England,Blue Collar,22-Nov,15690.97
100003304,Harry,Watson,Male,28,England,Other,22-Nov,82847.05
200003305,Melanie,Baker,Female,45,Scotland,Other,22-Nov,6176.99
200003306,Sam,Roberts,Male,35,Scotland,Other,22-Nov,33575.8
100003307,Jasmine,Howard,Female,53,England,Other,23-Nov,36319.75
100003308,Brian,Langdon,Male,31,England,White Collar,23-Nov,20544.55
100003309,Felicity,Ball,Female,43,England,White Collar,23-Nov,16111.39
100003310,Ruth,Baker,Female,28,England,White Collar,23-Nov,59252.91
100003311,Robert,Anderson,Male,43,England,White Collar,23-Nov,45425.57
100003312,Madeleine,Clarkson,Female,32,England,White Collar,23-Nov,47291.75
100003313,Molly,Langdon,Female,30,England,White Collar,23-Nov,27937.26
100003314,Alexander,Newman,Male,32,England,Other,23-Nov,677.88
100003315,Amanda,Poole,Female,29,England,White Collar,23-Nov,39324.22
100003316,Katherine,Davidson,Female,30,England,Other,23-Nov,52474.35
100003317,Christian,Bailey,Male,41,England,White Collar,23-Nov,64153.64
200003318,David,Mackenzie,Male,50,Scotland,Other,23-Nov,57632.39
300003319,Gordon,Slater,Male,22,Wales,White Collar,23-Nov,25219.7
300003320,Keith,Jones,Male,27,Wales,White Collar,23-Nov,7897.23
400003321,Molly,Forsyth,Female,27,Northern Ireland,White Collar,23-Nov,31618.56
100003322,Dominic,Cornish,Male,47,England,White Collar,24-Nov,12302.28
100003323,Diana,Mackay,Female,32,England,Other,24-Nov,62279.58
100003324,Claire,Buckland,Female,35,England,Other,24-Nov,28586.34
100003325,Joanne,Slater,Female,35,England,Blue Collar,24-Nov,43833.84
100003326,Megan,Skinner,Female,35,England,Other,24-Nov,30158.68
100003327,Madeleine,Fraser,Female,36,England,White Collar,24-Nov,28128.35
100003328,John,Poole,Male,50,England,White Collar,24-Nov,17454.85
100003329,Jan,Alsop,Female,32,England,White Collar,24-Nov,68573.19
100003330,Gabrielle,Berry,Female,40,England,Other,24-Nov,52970.78
100003331,Leonard,May,Male,44,England,Other,24-Nov,25768.74
100003332,Owen,Clark,Male,21,England,White Collar,24-Nov,88147.69
100003333,Jason,Kerr,Male,37,England,Blue Collar,24-Nov,125213.72
100003334,Thomas,Kerr,Male,39,England,White Collar,24-Nov,55146.36
100003335,Anne,Wilkins,Female,30,England,White Collar,24-Nov,43545.03
200003336,Kevin,Stewart,Male,53,Scotland,Other,24-Nov,37425.23
200003337,Joanne,Churchill,Female,48,Scotland,Other,24-Nov,35190.96
200003338,Colin,Nolan,Male,60,Scotland,Blue Collar,24-Nov,52742.54
200003339,Colin,Fisher,Male,55,Scotland,Other,24-Nov,24030.97
200003340,Piers,Anderson,Male,59,Scotland,Blue Collar,24-Nov,64210.63
200003341,Blake,Morrison,Male,46,Scotland,Blue Collar,24-Nov,99396.23
300003342,Chloe,Reid,Female,28,Wales,White Collar,24-Nov,30366.24
300003343,Felicity,Turner,Female,35,Wales,White Collar,24-Nov,4012.37
300003344,Molly,Simpson,Female,35,Wales,White Collar,24-Nov,39380.29
100003345,Colin,Dyer,Male,38,England,White Collar,25-Nov,30231.47
100003346,Katherine,McDonald,Female,37,England,White Collar,25-Nov,51295.71
100003347,Jake,Gibson,Male,24,England,White Collar,25-Nov,2111.51
100003348,Nathan,Roberts,Male,40,England,White Collar,25-Nov,66914.25
100003349,Olivia,Coleman,Female,41,England,Blue Collar,25-Nov,52991.99
100003350,Matt,Forsyth,Male,34,England,Blue Collar,25-Nov,47988.11
200003351,Carolyn,Manning,Female,54,Scotland,White Collar,25-Nov,21953.02
200003352,Jack,Scott,Male,43,Scotland,Blue Collar,25-Nov,33234.66
200003353,Kevin,Quinn,Male,55,Scotland,Blue Collar,25-Nov,59957.08
200003354,Thomas,Langdon,Male,48,Scotland,Blue Collar,25-Nov,28118.54
300003355,Melanie,Metcalfe,Female,47,Wales,White Collar,25-Nov,3985.97
300003356,Jonathan,Parr,Male,42,Wales,White Collar,25-Nov,44017.46
300003357,Jonathan,Payne,Male,36,Wales,Blue Collar,25-Nov,89727.27
100003358,Melanie,Rees,Female,36,England,White Collar,26-Nov,9356.5
100003359,Amanda,MacLeod,Female,22,England,Blue Collar,26-Nov,87500.9
100003360,Boris,Cameron,Male,32,England,White Collar,26-Nov,19806.11
100003361,Boris,May,Male,34,England,White Collar,26-Nov,3716.8
100003362,Wanda,Mills,Female,45,England,Other,26-Nov,36293
100003363,Penelope,Henderson,Female,42,England,White Collar,26-Nov,29129.11
100003364,Evan,Quinn,Male,35,England,Blue Collar,26-Nov,37326.33
100003365,Rachel,Bailey,Female,29,England,Other,26-Nov,29654.53
200003366,Nathan,Pullman,Male,44,Scotland,Other,26-Nov,28479.92
200003367,Eric,Welch,Male,47,Scotland,Blue Collar,26-Nov,21736.04
300003368,Owen,Ferguson,Male,28,Wales,Blue Collar,26-Nov,4820.98
300003369,Molly,Sharp,Female,41,Wales,White Collar,26-Nov,54697.16
400003370,Jessica,Lyman,Female,20,Northern Ireland,Other,26-Nov,82598.94
100003371,Gabrielle,Wilkins,Female,39,England,White Collar,27-Nov,44607.05
100003372,Jan,MacDonald,Female,42,England,White Collar,27-Nov,85695.41
100003373,Ruth,White,Female,41,England,White Collar,27-Nov,4477.36
100003374,Jack,Alsop,Male,42,England,Blue Collar,27-Nov,59160.59
100003375,Michelle,Ball,Female,28,England,White Collar,27-Nov,28802.1
100003376,Simon,Turner,Male,25,England,Other,27-Nov,75357.92
100003377,Jessica,Peake,Female,29,England,Other,27-Nov,11738.7
100003378,Cameron,Robertson,Male,31,England,Blue Collar,27-Nov,16251.57
100003379,Zoe,Wright,Female,34,England,White Collar,27-Nov,61576
100003380,Victor,Cameron,Male,20,England,White Collar,27-Nov,11434.59
100003381,Julia,Churchill,Female,23,England,Other,27-Nov,5434.22
100003382,Lauren,Young,Female,41,England,White Collar,27-Nov,42914.08
100003383,James,Clark,Male,47,England,White Collar,27-Nov,6631.7
100003384,Simon,Black,Male,47,England,Other,27-Nov,23372.89
100003385,Dominic,Oliver,Male,32,England,White Collar,27-Nov,25583.2
100003386,Sarah,Marshall,Female,54,England,White Collar,27-Nov,21593.57
100003387,Christopher,Randall,Male,29,England,White Collar,27-Nov,14187.24
100003388,Lily,Butler,Female,35,England,White Collar,27-Nov,5603.29
100003389,Sonia,Hunter,Female,33,England,Blue Collar,27-Nov,40186.04
100003390,Wendy,Mills,Female,35,England,Other,27-Nov,54691.63
100003391,Owen,Cornish,Male,42,England,Blue Collar,27-Nov,71409.74
100003392,Steven,Taylor,Male,33,England,White Collar,27-Nov,21424.46
100003393,Dylan,Parr,Male,38,England,White Collar,27-Nov,13849.75
100003394,Dylan,Berry,Male,25,England,Blue Collar,27-Nov,24366.36
100003395,Austin,Lyman,Male,33,England,Other,27-Nov,7716.87
100003396,Jacob,Dickens,Male,44,England,White Collar,27-Nov,31063.54
100003397,Bella,Ellison,Female,30,England,White Collar,27-Nov,279.01
100003398,Carl,Mills,Male,41,England,White Collar,27-Nov,11104.86
200003399,Alison,Stewart,Female,44,Scotland,Other,27-Nov,59401.58
200003400,Piers,Short,Male,52,Scotland,Other,27-Nov,48602.47
200003401,Angela,Butler,Female,47,Scotland,Other,27-Nov,97165.43
200003402,Peter,Dickens,Male,47,Scotland,Blue Collar,27-Nov,22946.04
200003403,Irene,Wilson,Female,61,Scotland,Blue Collar,27-Nov,1409.52
200003404,Michael,Terry,Male,49,Scotland,Blue Collar,27-Nov,10315.47
200003405,Sebastian,Paterson,Male,63,Scotland,Blue Collar,27-Nov,36409.2
200003406,Benjamin,Hill,Male,32,Scotland,Blue Collar,27-Nov,21454.76
200003407,Sam,Wilson,Male,61,Scotland,Blue Collar,27-Nov,20606.21
300003408,Dan,Underwood,Male,30,Wales,White Collar,27-Nov,7049.66
300003409,Dan,Vaughan,Male,18,Wales,Blue Collar,27-Nov,77682
300003410,Leonard,Hodges,Male,31,Wales,Blue Collar,27-Nov,14625.23
300003411,David,Terry,Male,46,Wales,Other,27-Nov,38460.8
300003412,Karen,Marshall,Female,39,Wales,White Collar,27-Nov,48514.21
300003413,Christopher,Wright,Male,44,Wales,White Collar,27-Nov,26502.42
300003414,Sue,Wallace,Female,33,Wales,White Collar,27-Nov,71331.75
400003415,Amanda,Kerr,Female,19,Northern Ireland,Other,27-Nov,2184.18
100003416,Heather,Quinn,Female,35,England,White Collar,28-Nov,14505.16
100003417,Liam,Robertson,Male,42,England,White Collar,28-Nov,43621.9
100003418,Yvonne,Edmunds,Female,37,England,Other,28-Nov,26478.35
100003419,Olivia,Duncan,Female,32,England,White Collar,28-Nov,26094.22
100003420,Sally,Cornish,Female,50,England,White Collar,28-Nov,26280.36
100003421,David,Clarkson,Male,25,England,Other,28-Nov,81820.9
100003422,Gabrielle,Turner,Female,25,England,White Collar,28-Nov,44240.78
100003423,Leonard,Allan,Male,32,England,White Collar,28-Nov,52696.94
200003424,Abigail,Blake,Female,50,Scotland,White Collar,28-Nov,39460.72
200003425,Rachel,Allan,Female,33,Scotland,White Collar,28-Nov,422.94
200003426,Alan,Harris,Male,53,Scotland,Other,28-Nov,53354.74
200003427,Anthony,Mills,Male,51,Scotland,Other,28-Nov,32712.76
200003428,Dan,Morgan,Male,61,Scotland,Blue Collar,28-Nov,42862.41
300003429,Alison,Young,Female,28,Wales,White Collar,28-Nov,3856.26
300003430,Caroline,Dyer,Female,29,Wales,Blue Collar,28-Nov,23049.76
300003431,Diane,Springer,Female,24,Wales,Blue Collar,28-Nov,18858.69
300003432,Jennifer,Randall,Female,40,Wales,White Collar,28-Nov,42073.13
300003433,Sue,Randall,Female,35,Wales,White Collar,28-Nov,92788.65
100003434,Sue,Gill,Female,33,England,White Collar,29-Nov,12357.62
100003435,Phil,Berry,Male,31,England,White Collar,29-Nov,17452.2
100003436,Julia,Underwood,Female,36,England,Other,29-Nov,31377.37
100003437,Una,Ogden,Female,24,England,Other,29-Nov,54218.79
100003438,Angela,Johnston,Female,32,England,White Collar,29-Nov,72066.5
200003439,Phil,Mathis,Male,54,Scotland,Other,29-Nov,71935.8
200003440,Owen,Fisher,Male,61,Scotland,Blue Collar,29-Nov,23509.64
200003441,William,Harris,Male,42,Scotland,Blue Collar,29-Nov,29640.92
300003442,Stewart,Marshall,Male,34,Wales,Other,29-Nov,43520.9
400003443,Abigail,MacLeod,Female,21,Northern Ireland,Blue Collar,29-Nov,51615.61
100003444,Colin,Cornish,Male,25,England,White Collar,30-Nov,77624.38
100003445,Kimberly,Dickens,Female,36,England,White Collar,30-Nov,50507.35
100003446,Faith,Glover,Female,18,England,White Collar,30-Nov,93603.84
100003447,Yvonne,Morrison,Female,34,England,White Collar,30-Nov,5871.86
100003448,Lucas,Abraham,Male,31,England,White Collar,30-Nov,5178.59
100003449,Andrea,Welch,Female,39,England,White Collar,30-Nov,40554.67
100003450,Carl,Fraser,Male,35,England,White Collar,30-Nov,181680.99
100003451,Benjamin,MacDonald,Male,36,England,White Collar,30-Nov,30265.69
100003452,Edward,Allan,Male,40,England,Blue Collar,30-Nov,30954.9
100003453,Chloe,Davies,Female,36,England,Other,30-Nov,70684.35
100003454,Felicity,James,Female,32,England,White Collar,30-Nov,98044.81
100003455,Julia,Mills,Female,39,England,White Collar,30-Nov,112000.36
100003456,Owen,Edmunds,Male,38,England,Blue Collar,30-Nov,20076.79
100003457,Anna,Mathis,Female,24,England,White Collar,30-Nov,97846.35
100003458,Claire,Bond,Female,45,England,White Collar,30-Nov,41909.74
200003459,Diana,Nash,Female,55,Scotland,White Collar,30-Nov,67876.94
200003460,Leonard,Cameron,Male,51,Scotland,Other,30-Nov,4573.26
200003461,Claire,Edmunds,Female,56,Scotland,Other,30-Nov,4111.03
200003462,Gavin,Welch,Male,44,Scotland,White Collar,30-Nov,38971.83
200003463,Luke,Black,Male,49,Scotland,Other,30-Nov,71307.31
200003464,Megan,Peters,Female,58,Scotland,Other,30-Nov,77504.67
300003465,Wanda,Tucker,Female,42,Wales,White Collar,30-Nov,17189.69
300003466,Zoe,Randall,Female,44,Wales,Other,30-Nov,44752.01
300003467,Fiona,Powell,Female,31,Wales,White Collar,30-Nov,6052.52
300003468,Stewart,Johnston,Male,41,Wales,Blue Collar,30-Nov,77.46
300003469,Rebecca,Vaughan,Female,37,Wales,White Collar,30-Nov,24898.45
300003470,Anna,Reid,Female,41,Wales,White Collar,30-Nov,11632.48
300003471,Wendy,Martin,Female,20,Wales,White Collar,30-Nov,68569.21
400003472,Dorothy,Bell,Female,34,Northern Ireland,Blue Collar,30-Nov,15263.47
100003473,Joanne,Henderson,Female,42,England,White Collar,1-Dec,45276.8
100003474,William,Russell,Male,45,England,White Collar,1-Dec,40200.6
100003475,Fiona,Ferguson,Female,33,England,White Collar,1-Dec,12547.19
200003476,Deirdre,Morgan,Female,42,Scotland,Other,1-Dec,9013.24
200003477,Julia,Roberts,Female,46,Scotland,Other,1-Dec,27886.21
200003478,Leonard,Ince,Male,43,Scotland,Blue Collar,1-Dec,53739.25
300003479,Ella,Henderson,Female,24,Wales,White Collar,1-Dec,17649.52
300003480,Piers,Wright,Male,44,Wales,White Collar,1-Dec,103404.37
100003481,Penelope,Ellison,Female,28,England,White Collar,2-Dec,104030.29
100003482,Nicola,Tucker,Female,34,England,White Collar,2-Dec,60071.77
100003483,Molly,Campbell,Female,42,England,White Collar,2-Dec,24501
100003484,Amanda,Parsons,Female,33,England,White Collar,2-Dec,20517.2
100003485,Edward,Lawrence,Male,21,England,White Collar,2-Dec,35057.97
100003486,Una,McLean,Female,40,England,White Collar,2-Dec,48099.01
100003487,Rose,Parsons,Female,44,England,Other,2-Dec,11121.96
100003488,Molly,MacLeod,Female,44,England,Other,2-Dec,71313.5
100003489,Stewart,Hughes,Male,33,England,White Collar,2-Dec,7593.12
100003490,Thomas,Rutherford,Male,29,England,Blue Collar,2-Dec,41898.47
100003491,Michael,Bell,Male,37,England,Blue Collar,2-Dec,23034.44
200003492,Isaac,Springer,Male,57,Scotland,Other,2-Dec,87348.99
200003493,Jane,Quinn,Female,53,Scotland,White Collar,2-Dec,8313.3
200003494,Jason,Hemmings,Male,48,Scotland,Blue Collar,2-Dec,5703.79
200003495,Jake,Abraham,Male,54,Scotland,Other,2-Dec,34664
200003496,Owen,Rampling,Male,43,Scotland,Blue Collar,2-Dec,30216.11
300003497,Rebecca,Howard,Female,30,Wales,Blue Collar,2-Dec,96.26
100003498,Nicola,King,Female,36,England,White Collar,3-Dec,625.07
100003499,Diane,Rutherford,Female,34,England,Other,3-Dec,39040.73
100003500,Peter,Mackay,Male,29,England,White Collar,3-Dec,135545.59
100003501,Alan,Wright,Male,34,England,Other,3-Dec,133630.5
100003502,Faith,Carr,Female,49,England,White Collar,3-Dec,72613.54
100003503,Abigail,Abraham,Female,48,England,White Collar,3-Dec,35410.35
100003504,Carolyn,Nolan,Female,29,England,White Collar,3-Dec,53584.67
100003505,Brandon,Butler,Male,31,England,White Collar,3-Dec,919.95
100003506,Jennifer,Turner,Female,41,England,White Collar,3-Dec,121591.95
100003507,Dominic,Scott,Male,29,England,White Collar,3-Dec,50618.79
100003508,Penelope,Harris,Female,42,England,Blue Collar,3-Dec,34017.93
100003509,Kylie,Payne,Female,40,England,White Collar,3-Dec,18739.17
100003510,Peter,King,Male,18,England,Other,3-Dec,18231.91
100003511,Yvonne,Grant,Female,40,England,White Collar,3-Dec,47276.63
100003512,Joseph,Young,Male,33,England,Blue Collar,3-Dec,48962.02
100003513,Bernadette,Black,Female,32,England,White Collar,3-Dec,32135.05
100003514,Nathan,Dowd,Male,31,England,Other,3-Dec,51754.08
100003515,Victor,Allan,Male,25,England,Blue Collar,3-Dec,2046.02
100003516,Boris,Powell,Male,34,England,White Collar,3-Dec,43370.71
100003517,William,Sutherland,Male,33,England,White Collar,3-Dec,9165.84
100003518,Audrey,Morgan,Female,28,England,White Collar,3-Dec,36852.63
100003519,Victoria,May,Female,25,England,White Collar,3-Dec,56604.06
100003520,Irene,Burgess,Female,28,England,Blue Collar,3-Dec,31878.71
200003521,Isaac,Langdon,Male,51,Scotland,Blue Collar,3-Dec,8142.18
200003522,John,Rees,Male,52,Scotland,White Collar,3-Dec,105810.79
200003523,Keith,Poole,Male,47,Scotland,Blue Collar,3-Dec,5520.69
200003524,Dominic,Taylor,Male,42,Scotland,Other,3-Dec,35698.04
200003525,Blake,North,Male,54,Scotland,Blue Collar,3-Dec,1473.57
200003526,Ava,Jones,Female,52,Scotland,Other,3-Dec,61901.62
200003527,Amanda,Bower,Female,53,Scotland,Other,3-Dec,36741.01
200003528,Yvonne,Ellison,Female,41,Scotland,Other,3-Dec,10473.35
200003529,Sue,Underwood,Female,32,Scotland,Other,3-Dec,37920.84
200003530,Dylan,Clark,Male,27,Scotland,Blue Collar,3-Dec,73359.1
200003531,Jacob,Paterson,Male,46,Scotland,Blue Collar,3-Dec,61806.36
200003532,Olivia,Baker,Female,47,Scotland,Other,3-Dec,34391.3
200003533,Steven,Ince,Male,50,Scotland,White Collar,3-Dec,30166.99
300003534,Audrey,Thomson,Female,18,Wales,White Collar,3-Dec,5557.32
300003535,Stewart,Metcalfe,Male,38,Wales,Blue Collar,3-Dec,48829.47
300003536,Joe,Alsop,Male,30,Wales,Blue Collar,3-Dec,42827
100003537,Rebecca,Lyman,Female,40,England,Other,4-Dec,26011.48
100003538,Stewart,Anderson,Male,37,England,White Collar,4-Dec,8679.67
100003539,Stewart,Langdon,Male,39,England,White Collar,4-Dec,38806.91
200003540,Nathan,Ogden,Male,57,Scotland,Blue Collar,4-Dec,5042.52
200003541,Julian,Burgess,Male,37,Scotland,Other,4-Dec,61009.63
200003542,Harry,Sharp,Male,35,Scotland,Blue Collar,4-Dec,37041.11
200003543,Christian,Pullman,Male,50,Scotland,Other,4-Dec,78992.92
200003544,Kevin,Harris,Male,57,Scotland,Blue Collar,4-Dec,46060.29
200003545,Joan,Avery,Female,41,Scotland,White Collar,4-Dec,4833.02
200003546,Gavin,Duncan,Male,56,Scotland,Other,4-Dec,6887.34
200003547,David,Hemmings,Male,40,Scotland,Blue Collar,4-Dec,43604.8
200003548,Megan,Dyer,Female,51,Scotland,Other,4-Dec,58682.58
300003549,Felicity,Lawrence,Female,44,Wales,Other,4-Dec,39986.1
100003550,Penelope,Chapman,Female,40,England,White Collar,5-Dec,32141.32
100003551,Sonia,Slater,Female,35,England,White Collar,5-Dec,23238.28
100003552,Chloe,Miller,Female,36,England,White Collar,5-Dec,23052.1
100003553,Matt,North,Male,34,England,White Collar,5-Dec,23744.57
100003554,Vanessa,Mathis,Female,32,England,Other,5-Dec,44949.1
100003555,Amy,Lambert,Female,40,England,Other,5-Dec,87234.69
100003556,Katherine,Quinn,Female,36,England,White Collar,5-Dec,41867.19
100003557,John,Mackenzie,Male,20,England,White Collar,5-Dec,52109.92
100003558,Sam,Poole,Male,34,England,White Collar,5-Dec,251.67
200003559,Phil,Powell,Male,37,Scotland,Blue Collar,5-Dec,12500.3
200003560,Yvonne,Davidson,Female,42,Scotland,Other,5-Dec,80857.57
200003561,Stephen,McDonald,Male,30,Scotland,White Collar,5-Dec,31231.03
200003562,Leonard,Mackenzie,Male,48,Scotland,Blue Collar,5-Dec,11862.81
200003563,Andrew,Kerr,Male,38,Scotland,Other,5-Dec,48778.81
200003564,Ava,Piper,Female,58,Scotland,White Collar,5-Dec,22024
200003565,Tim,Graham,Male,48,Scotland,Other,5-Dec,21734.65
200003566,Amelia,Fraser,Female,46,Scotland,Other,5-Dec,22847.37
200003567,Evan,Mills,Male,48,Scotland,White Collar,5-Dec,81531.27
200003568,Stephanie,Cornish,Female,41,Scotland,Other,5-Dec,8910.56
300003569,Andrea,Sutherland,Female,42,Wales,White Collar,5-Dec,27490.82
100003570,Matt,MacDonald,Male,31,England,Other,6-Dec,20763.6
100003571,Irene,Ross,Female,40,England,Other,6-Dec,73177.7
100003572,Deirdre,Grant,Female,32,England,White Collar,6-Dec,50282.25
100003573,Lisa,Manning,Female,22,England,Blue Collar,6-Dec,37906.5
100003574,Kimberly,Blake,Female,40,England,White Collar,6-Dec,50651.68
100003575,Charles,Alsop,Male,26,England,Blue Collar,6-Dec,16466.56
100003576,Samantha,Wilkins,Female,27,England,White Collar,6-Dec,13854.47
100003577,Adrian,Tucker,Male,33,England,Blue Collar,6-Dec,36003.1
200003578,Caroline,Stewart,Female,35,Scotland,Other,6-Dec,5897.92
200003579,Dan,Turner,Male,48,Scotland,Blue Collar,6-Dec,50224.02
200003580,Keith,Graham,Male,61,Scotland,Blue Collar,6-Dec,11242.54
200003581,Owen,Glover,Male,51,Scotland,Blue Collar,6-Dec,50865.75
200003582,Tim,Stewart,Male,49,Scotland,Blue Collar,6-Dec,1018.95
200003583,Richard,Bond,Male,48,Scotland,Other,6-Dec,65535.05
100003584,Deirdre,Underwood,Female,36,England,White Collar,7-Dec,8942.95
100003585,Dominic,Manning,Male,51,England,White Collar,7-Dec,36622.39
100003586,Molly,Brown,Female,31,England,White Collar,7-Dec,82376.44
100003587,Ruth,Churchill,Female,35,England,White Collar,7-Dec,9096.77
100003588,Gavin,Dickens,Male,28,England,White Collar,7-Dec,18938.2
100003589,Andrea,Short,Female,40,England,Blue Collar,7-Dec,114118.53
100003590,Mary,Ball,Female,34,England,Blue Collar,7-Dec,55704.09
100003591,Carl,Ferguson,Male,39,England,White Collar,7-Dec,14024.55
100003592,Carol,Manning,Female,41,England,White Collar,7-Dec,82862.85
100003593,Warren,Lee,Male,31,England,White Collar,7-Dec,10247.13
100003594,Joshua,Dyer,Male,42,England,White Collar,7-Dec,71219.4
100003595,Caroline,Bell,Female,36,England,Blue Collar,7-Dec,72728.32
100003596,Cameron,Watson,Male,31,England,White Collar,7-Dec,24574.84
100003597,Bernadette,Kerr,Female,37,England,White Collar,7-Dec,32122.47
100003598,Rose,Arnold,Female,33,England,White Collar,7-Dec,15241.21
100003599,Sebastian,Davidson,Male,26,England,White Collar,7-Dec,28355.66
100003600,Christopher,Clark,Male,39,England,White Collar,7-Dec,15830.77
100003601,Gavin,May,Male,33,England,White Collar,7-Dec,73297.04
100003602,Alexander,Ferguson,Male,27,England,Blue Collar,7-Dec,14601.99
100003603,John,Knox,Male,40,England,White Collar,7-Dec,18220.43
200003604,Rebecca,Mathis,Female,46,Scotland,Other,7-Dec,43705.96
200003605,Fiona,Vaughan,Female,49,Scotland,Other,7-Dec,47764.94
200003606,Gordon,Walsh,Male,60,Scotland,Other,7-Dec,64373.74
200003607,Molly,Cameron,Female,46,Scotland,Other,7-Dec,79599.33
200003608,Angela,Sharp,Female,57,Scotland,White Collar,7-Dec,26794.48
200003609,Connor,Parr,Male,39,Scotland,Other,7-Dec,74775.98
200003610,Paul,Sharp,Male,33,Scotland,Blue Collar,7-Dec,45820.39
200003611,Madeleine,Forsyth,Female,48,Scotland,Other,7-Dec,63490.36
200003612,Hannah,Slater,Female,56,Scotland,Blue Collar,7-Dec,32792.43
100003613,Alexandra,Greene,Female,34,England,White Collar,8-Dec,29587.31
100003614,Lillian,Walsh,Female,42,England,White Collar,8-Dec,33307.35
100003615,Victor,Ball,Male,36,England,White Collar,8-Dec,31628.04
100003616,John,Welch,Male,41,England,White Collar,8-Dec,24913.78
200003617,Kevin,Knox,Male,45,Scotland,White Collar,8-Dec,89524.95
200003618,Lillian,Wilkins,Female,49,Scotland,Other,8-Dec,38447.9
200003619,Nicholas,Alsop,Male,48,Scotland,Other,8-Dec,43730.24
200003620,Stewart,Sharp,Male,44,Scotland,Blue Collar,8-Dec,65358.53
100003621,Steven,MacLeod,Male,28,England,Blue Collar,9-Dec,6747.52
100003622,Vanessa,McLean,Female,26,England,White Collar,9-Dec,22897.58
200003623,Anne,Chapman,Female,54,Scotland,Other,9-Dec,43204.63
200003624,Harry,Mathis,Male,48,Scotland,White Collar,9-Dec,71225.87
200003625,Brian,Burgess,Male,43,Scotland,Blue Collar,9-Dec,29782.79
200003626,Isaac,Hamilton,Male,52,Scotland,Other,9-Dec,13622.87
100003627,Jason,Baker,Male,30,England,White Collar,10-Dec,47550.08
100003628,Jack,Walsh,Male,33,England,White Collar,10-Dec,20091.28
100003629,Owen,Morrison,Male,21,England,White Collar,10-Dec,22103.13
100003630,Joanne,Randall,Female,31,England,White Collar,10-Dec,25012.17
100003631,Elizabeth,Tucker,Female,43,England,White Collar,10-Dec,55352.18
100003632,Justin,Marshall,Male,38,England,White Collar,10-Dec,27303.89
100003633,Dominic,Randall,Male,48,England,White Collar,10-Dec,21250.29
100003634,Diane,Pullman,Female,49,England,White Collar,10-Dec,34375.08
100003635,Grace,Rees,Female,44,England,White Collar,10-Dec,49219.74
100003636,Anna,King,Female,23,England,White Collar,10-Dec,44620.56
100003637,Fiona,Manning,Female,31,England,White Collar,10-Dec,92983.44
100003638,Vanessa,Hunter,Female,40,England,White Collar,10-Dec,10266.95
100003639,Ryan,Sutherland,Male,31,England,Other,10-Dec,55173.03
100003640,Adam,Short,Male,35,England,Blue Collar,10-Dec,51009.01
100003641,Gordon,Hill,Male,34,England,White Collar,10-Dec,41640.88
100003642,Katherine,Dowd,Female,26,England,Other,10-Dec,4212.36
100003643,Luke,Lawrence,Male,27,England,White Collar,10-Dec,92610.22
100003644,Joanne,Davies,Female,31,England,White Collar,10-Dec,29053.97
200003645,Adrian,Forsyth,Male,52,Scotland,Blue Collar,10-Dec,69036.02
200003646,Keith,Young,Male,58,Scotland,Other,10-Dec,28310.16
200003647,James,Wallace,Male,47,Scotland,Other,10-Dec,54547.24
200003648,Jason,Young,Male,40,Scotland,Other,10-Dec,9554.52
200003649,Lillian,Vaughan,Female,53,Scotland,Other,10-Dec,81863.36
200003650,Thomas,Fraser,Male,51,Scotland,Blue Collar,10-Dec,5018.31
200003651,Blake,Jackson,Male,63,Scotland,Blue Collar,10-Dec,36281.44
200003652,Kylie,Quinn,Female,49,Scotland,Other,10-Dec,49277
200003653,Connor,Gray,Male,54,Scotland,Blue Collar,10-Dec,108968.26
300003654,Melanie,Short,Female,42,Wales,White Collar,10-Dec,9904.77
300003655,Faith,Parsons,Female,41,Wales,Other,10-Dec,19485.71
300003656,Samantha,Edmunds,Female,29,Wales,White Collar,10-Dec,9471.18
300003657,Emily,Miller,Female,38,Wales,Other,10-Dec,94773.07
100003658,Ruth,MacDonald,Female,35,England,White Collar,11-Dec,123357.17
100003659,Andrea,Wallace,Female,44,England,Other,11-Dec,32865.62
100003660,Jason,Coleman,Male,24,England,Blue Collar,11-Dec,123346.44
200003661,Keith,Reid,Male,20,Scotland,Blue Collar,11-Dec,3715.81
200003662,Mary,Young,Female,50,Scotland,Other,11-Dec,67803.35
200003663,Kevin,Hill,Male,47,Scotland,Blue Collar,11-Dec,11644.61
300003664,Victor,Lee,Male,41,Wales,White Collar,11-Dec,17160.06
100003665,Paul,Baker,Male,46,England,White Collar,12-Dec,29931.26
100003666,Pippa,Lee,Female,41,England,Other,12-Dec,18206.83
100003667,Diane,Slater,Female,42,England,White Collar,12-Dec,72596.02
100003668,Abigail,Smith,Female,36,England,White Collar,12-Dec,14544.43
100003669,Pippa,Newman,Female,36,England,White Collar,12-Dec,72042.13
100003670,Lisa,Black,Female,37,England,White Collar,12-Dec,49587.2
100003671,Melanie,Clark,Female,32,England,Blue Collar,12-Dec,28086.32
100003672,Anna,Poole,Female,24,England,Other,12-Dec,17946.83
100003673,Natalie,Forsyth,Female,34,England,White Collar,12-Dec,77383.45
200003674,Emily,Russell,Female,54,Scotland,Other,12-Dec,34767.58
200003675,Lucas,Wright,Male,44,Scotland,Blue Collar,12-Dec,60052.58
200003676,Christopher,Mitchell,Male,57,Scotland,Blue Collar,12-Dec,78221.89
200003677,Anthony,Lewis,Male,64,Scotland,Blue Collar,12-Dec,48456.48
300003678,Edward,Scott,Male,34,Wales,White Collar,12-Dec,25458.38
300003679,Andrea,Ross,Female,39,Wales,Other,12-Dec,25974.49
100003680,Ruth,Rees,Female,42,England,White Collar,13-Dec,22087.64
100003681,Leah,Roberts,Female,35,England,Other,13-Dec,16482.84
100003682,David,Watson,Male,28,England,White Collar,13-Dec,40037.6
100003683,David,Rampling,Male,33,England,White Collar,13-Dec,53759.34
100003684,Dan,Lawrence,Male,36,England,Other,13-Dec,13698.63
100003685,Brian,Abraham,Male,27,England,White Collar,13-Dec,77898.09
100003686,Audrey,Cameron,Female,28,England,Blue Collar,13-Dec,16210.13
100003687,Ruth,Avery,Female,33,England,White Collar,13-Dec,60116.4
100003688,Penelope,Anderson,Female,31,England,Blue Collar,13-Dec,29943.33
100003689,Ryan,Oliver,Male,36,England,White Collar,13-Dec,3629.45
100003690,Anne,Fraser,Female,29,England,Blue Collar,13-Dec,18800.25
200003691,Una,McDonald,Female,53,Scotland,Other,13-Dec,47265.41
200003692,Edward,Pullman,Male,52,Scotland,White Collar,13-Dec,14788.77
200003693,Christopher,Churchill,Male,37,Scotland,Blue Collar,13-Dec,4368.71
200003694,Christopher,Graham,Male,39,Scotland,Blue Collar,13-Dec,37602.39
200003695,Dylan,Parr,Male,49,Scotland,Other,13-Dec,40878.43
200003696,Ian,Hamilton,Male,48,Scotland,Other,13-Dec,46551.52
200003697,Adrian,Alsop,Male,52,Scotland,Blue Collar,13-Dec,19297.55
200003698,Harry,Martin,Male,50,Scotland,Blue Collar,13-Dec,20655.58
200003699,Phil,Carr,Male,48,Scotland,Blue Collar,13-Dec,11035
200003700,Lucas,Cornish,Male,54,Scotland,Blue Collar,13-Dec,26905.37
200003701,Donna,Powell,Female,53,Scotland,Other,13-Dec,71809.45
200003702,Jake,Alsop,Male,47,Scotland,Other,13-Dec,37150.04
200003703,Deirdre,Mitchell,Female,28,Scotland,Other,13-Dec,33797.54
300003704,Liam,Paterson,Male,35,Wales,Blue Collar,13-Dec,12738.86
300003705,Julia,Abraham,Female,39,Wales,White Collar,13-Dec,3810.47
300003706,Gordon,Ross,Male,34,Wales,Other,13-Dec,15746.62
300003707,Dominic,McLean,Male,35,Wales,Other,13-Dec,104813.21
100003708,Yvonne,Hardacre,Female,47,England,White Collar,14-Dec,64712.17
100003709,Matt,Hamilton,Male,24,England,White Collar,14-Dec,25781.13
100003710,Sarah,Lawrence,Female,25,England,Other,14-Dec,39374.75
100003711,Kimberly,Oliver,Female,39,England,White Collar,14-Dec,27715.6
100003712,Amelia,Arnold,Female,41,England,White Collar,14-Dec,916.89
100003713,Yvonne,Mathis,Female,35,England,White Collar,14-Dec,19857.59
100003714,William,Clark,Male,28,England,White Collar,14-Dec,51953.67
100003715,Molly,Young,Female,36,England,White Collar,14-Dec,125690.43
100003716,Andrew,Parr,Male,36,England,Blue Collar,14-Dec,46983.45
200003717,Austin,Blake,Male,38,Scotland,Other,14-Dec,7218.79
200003718,Boris,Russell,Male,38,Scotland,Other,14-Dec,54828.36
200003719,Michael,Sanderson,Male,48,Scotland,Blue Collar,14-Dec,32412.76
200003720,Owen,Slater,Male,49,Scotland,Other,14-Dec,19921.89
200003721,Victor,Arnold,Male,57,Scotland,Blue Collar,14-Dec,12857.71
200003722,Joseph,Watson,Male,37,Scotland,Blue Collar,14-Dec,9217.66
200003723,Blake,Watson,Male,61,Scotland,Blue Collar,14-Dec,42052.1
300003724,Sebastian,White,Male,46,Wales,Blue Collar,14-Dec,3002.2
300003725,Lily,Vaughan,Female,36,Wales,White Collar,14-Dec,24781.08
300003726,Donna,Hart,Female,38,Wales,White Collar,14-Dec,30894.97
100003727,Nathan,Bailey,Male,31,England,White Collar,15-Dec,42049.89
100003728,Michael,Abraham,Male,35,England,Other,15-Dec,26728
100003729,Joshua,Hart,Male,33,England,White Collar,15-Dec,22448.82
100003730,Anna,Berry,Female,40,England,White Collar,15-Dec,30815.39
100003731,Anna,McDonald,Female,42,England,White Collar,15-Dec,85207.93
100003732,Faith,Ince,Female,34,England,White Collar,15-Dec,143879.62
100003733,Wendy,Mitchell,Female,28,England,Blue Collar,15-Dec,13618.72
100003734,Joseph,Cameron,Male,43,England,White Collar,15-Dec,91470.56
100003735,James,Jackson,Male,32,England,White Collar,15-Dec,63106.43
100003736,Piers,Scott,Male,33,England,White Collar,15-Dec,66452.64
100003737,Sean,Gray,Male,34,England,White Collar,15-Dec,3531.34
100003738,David,Brew,Male,24,England,White Collar,15-Dec,65072.93
200003739,Victor,Robertson,Male,57,Scotland,Blue Collar,15-Dec,63027.96
200003740,Chloe,Robertson,Female,42,Scotland,Blue Collar,15-Dec,15178.11
200003741,James,Reid,Male,49,Scotland,Other,15-Dec,85903.66
300003742,Neil,Marshall,Male,22,Wales,White Collar,15-Dec,40668.9
400003743,Keith,Davies,Male,19,Northern Ireland,Other,15-Dec,50562.98
100003744,Christian,Brown,Male,36,England,White Collar,16-Dec,61027.02
100003745,Caroline,Nash,Female,26,England,White Collar,16-Dec,3974.04
100003746,Kylie,Chapman,Female,35,England,White Collar,16-Dec,28148.92
100003747,Andrea,Howard,Female,37,England,Blue Collar,16-Dec,61138.64
100003748,Gavin,Avery,Male,38,England,Other,16-Dec,56516.64
100003749,Jan,Powell,Female,45,England,Other,16-Dec,62529.53
100003750,Lucas,Mackay,Male,29,England,White Collar,16-Dec,27985.16
100003751,Heather,Vaughan,Female,37,England,White Collar,16-Dec,81383.21
100003752,Audrey,Lawrence,Female,33,England,White Collar,16-Dec,48715.23
100003753,Julian,Mitchell,Male,30,England,Blue Collar,16-Dec,6983.32
100003754,William,Dowd,Male,36,England,White Collar,16-Dec,66519.95
100003755,Carol,Henderson,Female,45,England,White Collar,16-Dec,69805.45
100003756,Lillian,Black,Female,45,England,White Collar,16-Dec,1439.15
100003757,Kylie,Powell,Female,38,England,White Collar,16-Dec,3876.27
100003758,Joshua,Peake,Male,30,England,White Collar,16-Dec,29433.64
100003759,Alison,Hodges,Female,34,England,Blue Collar,16-Dec,91324.46
100003760,Olivia,Skinner,Female,27,England,White Collar,16-Dec,42901.77
100003761,Kevin,Hunter,Male,33,England,White Collar,16-Dec,116577.61
100003762,Ryan,McLean,Male,35,England,White Collar,16-Dec,34377.4
100003763,Alexandra,Hill,Female,44,England,Other,16-Dec,14563.87
100003764,Anna,Roberts,Female,34,England,Blue Collar,16-Dec,41064.35
100003765,Alberto,Mathis,Male,33,England,White Collar,16-Dec,69416.18
200003766,Olivia,Mackay,Female,60,Scotland,Other,16-Dec,67913.86
200003767,Alexandra,Powell,Female,40,Scotland,Other,16-Dec,16469.27
200003768,Isaac,McGrath,Male,56,Scotland,Blue Collar,16-Dec,93164.29
200003769,Leonard,Carr,Male,61,Scotland,Other,16-Dec,55421.45
200003770,Kimberly,Thomson,Female,55,Scotland,Blue Collar,16-Dec,33460.57
200003771,Dylan,Lee,Male,25,Scotland,Blue Collar,16-Dec,12294.54
200003772,Leonard,Miller,Male,53,Scotland,Blue Collar,16-Dec,114059.89
200003773,Trevor,Tucker,Male,43,Scotland,Blue Collar,16-Dec,44371.75
200003774,Dylan,Walker,Male,51,Scotland,Blue Collar,16-Dec,54174.88
300003775,Sean,Abraham,Male,29,Wales,Blue Collar,16-Dec,29909.03
300003776,Olivia,Watson,Female,37,Wales,White Collar,16-Dec,92953.31
300003777,Rachel,Dickens,Female,36,Wales,Other,16-Dec,60441.82
300003778,Lillian,Russell,Female,45,Wales,Other,16-Dec,86475.8
300003779,Lisa,Mackay,Female,32,Wales,White Collar,16-Dec,27274.97
100003780,Phil,Greene,Male,36,England,Blue Collar,17-Dec,40728.66
100003781,Jason,MacDonald,Male,32,England,White Collar,17-Dec,42956.77
100003782,Stephanie,Forsyth,Female,32,England,White Collar,17-Dec,51475.16
100003783,Christopher,Rampling,Male,32,England,White Collar,17-Dec,36780.87
100003784,Victor,King,Male,40,England,White Collar,17-Dec,3890.53
100003785,Una,Newman,Female,26,England,White Collar,17-Dec,83372.36
100003786,Gavin,Hart,Male,35,England,White Collar,17-Dec,137981.62
100003787,Jonathan,Allan,Male,32,England,Blue Collar,17-Dec,17056.8
100003788,Jane,Short,Female,29,England,White Collar,17-Dec,5312.07
100003789,Alberto,Langdon,Male,25,England,Other,17-Dec,44515.32
200003790,Mary,White,Female,49,Scotland,Other,17-Dec,7873.92
200003791,Bernadette,Davidson,Female,49,Scotland,Other,17-Dec,5981.41
200003792,Michael,Forsyth,Male,54,Scotland,Blue Collar,17-Dec,25766.83
200003793,Sophie,Glover,Female,55,Scotland,Other,17-Dec,100995.05
200003794,Carl,Kerr,Male,60,Scotland,Blue Collar,17-Dec,22118.93
200003795,Richard,Mills,Male,48,Scotland,Blue Collar,17-Dec,2840.77
200003796,Anthony,Anderson,Male,48,Scotland,Other,17-Dec,54607.76
100003797,Adam,Henderson,Male,39,England,White Collar,18-Dec,55454.96
100003798,Victor,White,Male,31,England,White Collar,18-Dec,32293.11
100003799,Melanie,Gray,Female,36,England,White Collar,18-Dec,20254.46
100003800,Ludwig,Nash,Male,32,England,Other,18-Dec,4983.93
200003801,Jasmine,Davies,Female,54,Scotland,Other,18-Dec,61439.56
200003802,Rose,McGrath,Female,46,Scotland,White Collar,18-Dec,10394.28
200003803,Wendy,Alsop,Female,44,Scotland,Other,18-Dec,60444.7
300003804,David,Anderson,Male,34,Wales,White Collar,18-Dec,40380.07
100003805,Mary,MacDonald,Female,36,England,Blue Collar,19-Dec,88957.46
100003806,Sue,Rees,Female,22,England,White Collar,19-Dec,15613.06
100003807,Boris,Hamilton,Male,23,England,White Collar,19-Dec,68508.87
100003808,Sebastian,Robertson,Male,35,England,White Collar,19-Dec,40309.87
100003809,Rose,Coleman,Female,37,England,White Collar,19-Dec,32132.56
100003810,Alexandra,Davidson,Female,23,England,White Collar,19-Dec,47114.15
100003811,Molly,Coleman,Female,30,England,White Collar,19-Dec,16703.14
100003812,Alexander,Parsons,Male,32,England,White Collar,19-Dec,56233.65
100003813,Penelope,Terry,Female,48,England,White Collar,19-Dec,45166.76
100003814,Lucas,Rees,Male,29,England,White Collar,19-Dec,25665.76
100003815,Emily,Scott,Female,36,England,White Collar,19-Dec,30604.28
100003816,Diana,Payne,Female,37,England,White Collar,19-Dec,27959.65
100003817,Brandon,Lewis,Male,29,England,White Collar,19-Dec,51239.25
100003818,Joan,Glover,Female,46,England,Other,19-Dec,71257.04
100003819,John,Abraham,Male,40,England,White Collar,19-Dec,9785.44
100003820,Hans,Dickens,Male,39,England,White Collar,19-Dec,11024.75
200003821,Cameron,Parsons,Male,45,Scotland,Blue Collar,19-Dec,2583.75
200003822,Matt,Murray,Male,53,Scotland,White Collar,19-Dec,43361.73
200003823,Jason,Gibson,Male,42,Scotland,Other,19-Dec,30923.4
200003824,Stephanie,Simpson,Female,42,Scotland,Other,19-Dec,56135.18
200003825,Harry,Nolan,Male,58,Scotland,Blue Collar,19-Dec,10235.19
300003826,Amy,Wallace,Female,33,Wales,White Collar,19-Dec,76628.68
300003827,Olivia,Henderson,Female,28,Wales,White Collar,19-Dec,49068.58
100003828,Emily,Churchill,Female,42,England,Other,20-Dec,61434.51
100003829,Caroline,Skinner,Female,34,England,White Collar,20-Dec,3682.9
100003830,Faith,Scott,Female,24,England,White Collar,20-Dec,59597.09
100003831,Lily,Reid,Female,36,England,White Collar,20-Dec,15805.36
100003832,Sebastian,Arnold,Male,44,England,Blue Collar,20-Dec,161517.82
100003833,Tracey,Hardacre,Female,34,England,White Collar,20-Dec,4300.94
100003834,Maria,Hill,Female,28,England,Other,20-Dec,68799.11
100003835,Grace,Ross,Female,27,England,White Collar,20-Dec,55631.78
100003836,Victoria,Arnold,Female,34,England,Blue Collar,20-Dec,15667.57
100003837,Ruth,Bailey,Female,31,England,White Collar,20-Dec,48927.48
100003838,Samuel,Baker,Male,36,England,White Collar,20-Dec,42161.49
200003839,William,Lewis,Male,49,Scotland,Other,20-Dec,44251.15
200003840,Alison,Allan,Female,46,Scotland,Other,20-Dec,15479.42
200003841,Trevor,Avery,Male,46,Scotland,Blue Collar,20-Dec,87484.96
200003842,Christopher,Hart,Male,54,Scotland,Blue Collar,20-Dec,8216.23
200003843,Colin,Mackenzie,Male,39,Scotland,Blue Collar,20-Dec,177.28
200003844,Penelope,Langdon,Female,42,Scotland,Other,20-Dec,1063.2
300003845,Jonathan,MacLeod,Male,34,Wales,White Collar,20-Dec,62326.7
300003846,Elizabeth,Payne,Female,35,Wales,Other,20-Dec,42743
400003847,Donna,Lambert,Female,34,Northern Ireland,White Collar,20-Dec,87664.15
400003848,Carolyn,Dowd,Female,52,Northern Ireland,Other,20-Dec,118676.95
100003849,Katherine,Avery,Female,32,England,Blue Collar,21-Dec,10488.42
100003850,Angela,Bond,Female,38,England,White Collar,21-Dec,2845.03
100003851,Audrey,Burgess,Female,26,England,White Collar,21-Dec,54926.14
100003852,Julian,MacLeod,Male,34,England,Blue Collar,21-Dec,36020.52
100003853,Jack,Allan,Male,28,England,Blue Collar,21-Dec,54458.54
100003854,Wanda,Howard,Female,22,England,White Collar,21-Dec,80667.65
100003855,Frank,Simpson,Male,27,England,White Collar,21-Dec,22525.46
100003856,Samson,James,Male,37,England,Blue Collar,21-Dec,23108.88
200003857,Joshua,Morrison,Male,50,Scotland,Blue Collar,21-Dec,37788.14
200003858,Ruth,Carr,Female,43,Scotland,Other,21-Dec,3297.32
200003859,Jonathan,Cornish,Male,33,Scotland,White Collar,21-Dec,655.36
200003860,Joe,Welch,Male,61,Scotland,Blue Collar,21-Dec,36149.33
200003861,Eric,Hamilton,Male,56,Scotland,Blue Collar,21-Dec,740.2
200003862,Nathan,Turner,Male,42,Scotland,Blue Collar,21-Dec,41989.44
200003863,Owen,Ball,Male,54,Scotland,Blue Collar,21-Dec,29769.98
300003864,Bernadette,Hughes,Female,37,Wales,Blue Collar,21-Dec,101532.72
100003865,Carl,Hemmings,Male,36,England,White Collar,22-Dec,7729.82
100003866,Sally,Campbell,Female,38,England,Blue Collar,22-Dec,94159.68
100003867,Jonathan,Peters,Male,30,England,Blue Collar,22-Dec,108224.88
100003868,Joshua,Stewart,Male,37,England,Blue Collar,22-Dec,17331.37
100003869,Ivan,Taylor,Male,27,England,White Collar,22-Dec,35451.37
200003870,Diana,MacLeod,Female,60,Scotland,Other,22-Dec,28541.14
200003871,Mary,Robertson,Female,44,Scotland,Other,22-Dec,14635.36
300003872,Gavin,Young,Male,45,Wales,White Collar,22-Dec,28483.25
100003873,Victor,Stewart,Male,38,England,White Collar,23-Dec,72352.01
100003874,Yvonne,Simpson,Female,34,England,Blue Collar,23-Dec,32700.03
100003875,Samantha,King,Female,37,England,White Collar,23-Dec,6110.25
100003876,Trevor,Watson,Male,26,England,Other,23-Dec,99642.13
100003877,Sebastian,Greene,Male,29,England,White Collar,23-Dec,23963.27
100003878,Lauren,Churchill,Female,25,England,White Collar,23-Dec,5121.17
100003879,Wendy,Stewart,Female,36,England,White Collar,23-Dec,37684.71
100003880,Boris,Rees,Male,21,England,White Collar,23-Dec,18508.11
100003881,Abigail,Buckland,Female,36,England,White Collar,23-Dec,47392.56
100003882,Lauren,Slater,Female,35,England,Blue Collar,23-Dec,168.18
100003883,Joseph,Mills,Male,38,England,White Collar,23-Dec,27984.32
100003884,Claire,Kerr,Female,30,England,White Collar,23-Dec,17188.21
100003885,Abigail,Mills,Female,29,England,White Collar,23-Dec,98.68
100003886,Theresa,Ellison,Female,33,England,Blue Collar,23-Dec,45536.82
100003887,Irene,Piper,Female,38,England,White Collar,23-Dec,30701.78
100003888,Carl,Hudson,Male,31,England,White Collar,23-Dec,48932.49
100003889,Jane,Martin,Female,36,England,White Collar,23-Dec,4867.07
100003890,Isaac,Berry,Male,40,England,White Collar,23-Dec,63320.75
100003891,Kylie,Roberts,Female,37,England,White Collar,23-Dec,39673.84
100003892,Virginia,Clark,Female,35,England,White Collar,23-Dec,26111.44
100003893,Lisa,Terry,Female,20,England,White Collar,23-Dec,34528.03
100003894,Tim,Chapman,Male,38,England,White Collar,23-Dec,46663.19
100003895,Isaac,Mitchell,Male,38,England,White Collar,23-Dec,31323.94
100003896,Ludwig,Ross,Male,31,England,White Collar,23-Dec,76429.81
200003897,Paul,Abraham,Male,48,Scotland,Blue Collar,23-Dec,2991.66
200003898,William,Vance,Male,58,Scotland,Blue Collar,23-Dec,11925.05
200003899,Liam,Duncan,Male,53,Scotland,Blue Collar,23-Dec,680.55
200003900,Victor,Gray,Male,30,Scotland,Other,23-Dec,26818.45
200003901,Paul,Ince,Male,45,Scotland,Blue Collar,23-Dec,3052.4
200003902,Sally,Springer,Female,56,Scotland,Other,23-Dec,66211.28
200003903,Lily,Mackay,Female,37,Scotland,Other,23-Dec,59655.79
200003904,Dorothy,Davidson,Female,57,Scotland,Other,23-Dec,38534.15
200003905,Joshua,Rutherford,Male,44,Scotland,Blue Collar,23-Dec,4611.45
200003906,Donna,Baker,Female,58,Scotland,Other,23-Dec,59941.68
200003907,Evan,Welch,Male,56,Scotland,Other,23-Dec,76278.37
300003908,Angela,Walsh,Female,28,Wales,White Collar,23-Dec,35567.66
300003909,Matt,Clarkson,Male,37,Wales,White Collar,23-Dec,37483.99
300003910,Joe,Gibson,Male,24,Wales,Other,23-Dec,7552.5
300003911,Anne,McDonald,Female,36,Wales,Blue Collar,23-Dec,54473.03
300003912,Amanda,May,Female,38,Wales,White Collar,23-Dec,15436.43
100003913,Peter,Lawrence,Male,29,England,Other,24-Dec,16997.69
100003914,Christian,Marshall,Male,37,England,White Collar,24-Dec,74633.01
100003915,Theresa,Tucker,Female,29,England,White Collar,24-Dec,26802.82
100003916,Samantha,Clarkson,Female,39,England,Blue Collar,24-Dec,23208.75
100003917,Audrey,Walsh,Female,29,England,White Collar,24-Dec,37466.44
100003918,Anne,Edmunds,Female,33,England,White Collar,24-Dec,19092.99
100003919,Michael,Coleman,Male,33,England,Blue Collar,24-Dec,614.71
100003920,Kylie,Watson,Female,42,England,White Collar,24-Dec,31581.7
100003921,Isaac,Buckland,Male,37,England,White Collar,24-Dec,35743.13
100003922,Jack,Marshall,Male,36,England,White Collar,24-Dec,43385.17
200003923,Benjamin,Hodges,Male,53,Scotland,Blue Collar,24-Dec,31253.69
200003924,Liam,Ogden,Male,34,Scotland,Blue Collar,24-Dec,29320.71
200003925,Katherine,Smith,Female,54,Scotland,Other,24-Dec,12121.66
200003926,Joshua,Paige,Male,41,Scotland,Blue Collar,24-Dec,87116.58
100003927,Pippa,Dowd,Female,40,England,White Collar,25-Dec,31436.85
100003928,Brian,Gibson,Male,49,England,White Collar,25-Dec,21066.89
100003929,Benjamin,Arnold,Male,32,England,White Collar,25-Dec,2096.64
100003930,Kimberly,Coleman,Female,34,England,White Collar,25-Dec,21706.73
100003931,James,Mathis,Male,36,England,Other,25-Dec,3890.92
100003932,Owen,Kerr,Male,31,England,Other,25-Dec,16161.94
100003933,Lillian,Cornish,Female,34,England,White Collar,25-Dec,63677.23
100003934,Anna,Piper,Female,33,England,White Collar,25-Dec,30045.02
100003935,Jackson,Poole,Male,36,England,White Collar,25-Dec,41423.78
200003936,Leonard,Avery,Male,51,Scotland,Blue Collar,25-Dec,5038.58
200003937,Jake,Fisher,Male,49,Scotland,Blue Collar,25-Dec,342.64
200003938,Robert,Bond,Male,48,Scotland,White Collar,25-Dec,3678.99
200003939,Angela,Davies,Female,39,Scotland,Other,25-Dec,47002.22
200003940,Jason,Wilson,Male,59,Scotland,Blue Collar,25-Dec,17674.35
200003941,Joshua,Sutherland,Male,59,Scotland,Other,25-Dec,2114.65
100003942,Ruth,Rutherford,Female,37,England,White Collar,26-Dec,36318.15
100003943,Una,Powell,Female,50,England,White Collar,26-Dec,16041.11
100003944,Dominic,Peake,Male,27,England,White Collar,26-Dec,33463.13
100003945,Carolyn,Chapman,Female,41,England,Blue Collar,26-Dec,12434.03
100003946,Steven,Hodges,Male,43,England,Other,26-Dec,81498.88
100003947,Isaac,Peters,Male,46,England,Blue Collar,26-Dec,35219.88
100003948,Owen,Baker,Male,18,England,Blue Collar,26-Dec,3858.9
100003949,Harry,Poole,Male,23,England,White Collar,26-Dec,117946.76
100003950,Lily,White,Female,44,England,White Collar,26-Dec,24243.83
100003951,Dylan,Harris,Male,30,England,Other,26-Dec,62353.77
100003952,Nicholas,Glover,Male,36,England,Blue Collar,26-Dec,51263.69
200003953,Alexandra,Young,Female,52,Scotland,Other,26-Dec,94197.01
200003954,Christopher,Langdon,Male,56,Scotland,Other,26-Dec,35180.1
200003955,John,Lyman,Male,53,Scotland,Blue Collar,26-Dec,6989.48
300003956,Jane,Duncan,Female,34,Wales,Blue Collar,26-Dec,4478.46
300003957,Stephen,Hardacre,Male,30,Wales,Blue Collar,26-Dec,15071.69
100003958,Piers,Carr,Male,42,England,White Collar,27-Dec,55687.53
100003959,Richard,Pullman,Male,43,England,White Collar,27-Dec,24711.61
100003960,Michael,Poole,Male,33,England,White Collar,27-Dec,122294.27
100003961,Leonard,Grant,Male,48,England,Other,27-Dec,72061.71
100003962,Sophie,Lewis,Female,32,England,Blue Collar,27-Dec,50886.35
100003963,Alexandra,Rutherford,Female,40,England,White Collar,27-Dec,62802.4
100003964,Brian,Kerr,Male,43,England,White Collar,27-Dec,48270.26
100003965,Emily,Brown,Female,46,England,White Collar,27-Dec,67009.53
100003966,Alison,Gill,Female,21,England,Blue Collar,27-Dec,41703.21
100003967,Sean,Hudson,Male,23,England,Blue Collar,27-Dec,7211.67
200003968,Joanne,Hughes,Female,51,Scotland,Other,27-Dec,6555.97
200003969,Bella,Smith,Female,37,Scotland,Other,27-Dec,29666.2
200003970,Jacob,Grant,Male,58,Scotland,Other,27-Dec,18189.63
200003971,Jacob,Henderson,Male,52,Scotland,Blue Collar,27-Dec,83783.18
200003972,Dylan,Taylor,Male,42,Scotland,Blue Collar,27-Dec,43693.07
300003973,Piers,Ross,Male,29,Wales,Other,27-Dec,13910.24
100003974,Chloe,Mackenzie,Female,31,England,White Collar,28-Dec,27031.96
100003975,Colin,Lambert,Male,37,England,White Collar,28-Dec,10887.08
100003976,Keith,Simpson,Male,36,England,White Collar,28-Dec,24904.09
100003977,Brian,Hunter,Male,35,England,White Collar,28-Dec,21753.37
100003978,Scott,Gibson,Male,35,England,White Collar,28-Dec,18055.9
200003979,Luke,Berry,Male,49,Scotland,Blue Collar,28-Dec,48950
200003980,Caroline,Churchill,Female,44,Scotland,Other,28-Dec,10268.99
200003981,Elizabeth,James,Female,43,Scotland,Other,28-Dec,19695.66
200003982,Sean,McDonald,Male,54,Scotland,Other,28-Dec,28430.19
300003983,Bella,Ball,Female,29,Wales,Blue Collar,28-Dec,25737.94
100003984,Tim,Nash,Male,25,England,White Collar,29-Dec,5280.71
100003985,Dominic,May,Male,38,England,White Collar,29-Dec,63644.91
100003986,Joseph,Short,Male,44,England,Blue Collar,29-Dec,59591.3
100003987,Lily,Springer,Female,35,England,Blue Collar,29-Dec,21420.72
100003988,Theresa,Forsyth,Female,30,England,White Collar,29-Dec,4570.98
100003989,Tim,Berry,Male,26,England,White Collar,29-Dec,36964.26
100003990,Rachel,Johnston,Female,41,England,White Collar,29-Dec,83616.58
100003991,Sue,Cornish,Female,30,England,White Collar,29-Dec,139784.01
100003992,Andrew,Cornish,Male,18,England,White Collar,29-Dec,23399.53
100003993,Joe,Terry,Male,29,England,White Collar,29-Dec,30158.03
100003994,Rebecca,Poole,Female,41,England,White Collar,29-Dec,28579.64
100003995,Karen,McLean,Female,35,England,White Collar,29-Dec,34046.5
200003996,Christopher,Clarkson,Male,55,Scotland,Blue Collar,29-Dec,39834.95
200003997,John,Lambert,Male,53,Scotland,Blue Collar,29-Dec,48775.57
200003998,Victor,Miller,Male,44,Scotland,Other,29-Dec,25358.91
200003999,Robert,Johnston,Male,50,Scotland,Other,29-Dec,76764.62
300004000,Benjamin,Ellison,Male,40,Wales,White Collar,29-Dec,39935.98
300004001,Gabrielle,Duncan,Female,34,Wales,White Collar,29-Dec,92083.79
300004002,Austin,Paterson,Male,30,Wales,White Collar,29-Dec,8250.75
100004003,Paul,Avery,Male,46,England,White Collar,30-Dec,85331.69
100004004,Jane,Hemmings,Female,28,England,Blue Collar,30-Dec,68518.55
100004005,John,Hamilton,Male,45,England,White Collar,30-Dec,8435.91
100004006,Kimberly,Gray,Female,44,England,Other,30-Dec,64470.77
100004007,Rachel,Davies,Female,34,England,Blue Collar,30-Dec,4561.22
100004008,Sam,Sanderson,Male,28,England,Blue Collar,30-Dec,42128.29
200004009,Alison,Quinn,Female,64,Scotland,Other,30-Dec,73503.9
200004010,Sam,Lewis,Male,64,Scotland,Other,30-Dec,19711.66
200004011,Keith,Hughes,Male,52,Scotland,Blue Collar,30-Dec,56069.72
200004012,Hannah,Springer,Female,50,Scotland,Other,30-Dec,59477.82
200004013,Christian,Reid,Male,51,Scotland,Blue Collar,30-Dec,239.45
300004014,Stephen,May,Male,33,Wales,Blue Collar,30-Dec,30293.19